job_id,job_type,arrival_time_ns,scenario,algorithm,placement_status,selected_node,route,rtt_ns,network_time_ms,queue_wait_time_ms,compute_time_ms,start_time_ms,finish_time_ms,total_time_ms,deadline_ms,deadline_met,failed_isls
burst_job_001,image_inference,0,NORMAL_BURST,completion_time,PLACED,3,12-1-0-3,21230481.690810062,21.230481690810063,0.0,708.3333333333334,21.230481690810063,729.5638150241434,729.5638150241434,1500.0,True,
burst_job_002,object_detection,1720689655,NORMAL_BURST,completion_time,PLACED,3,12-1-0-3,21174583.377956938,21.17458337795694,0.0,1208.3333333333335,1741.8642383779568,2950.19757171129,1229.5079167112901,4000.0,True,
burst_job_003,llm_inference,3441379310,NORMAL_BURST,completion_time,PLACED,3,12-1-0-3,21118950.518657602,21.118950518657602,0.0,2750.0,3462.4982605186574,6212.498260518658,2771.118950518658,10000.0,True,
burst_job_004,image_inference,5162068966,NORMAL_BURST,completion_time,PLACED,0,12-1-0,15718652.60486971,15.71865260486971,0.0,1000.0,5177.78761860487,6177.78761860487,1015.7186526048699,3000.0,True,
burst_job_005,object_detection,6882758621,NORMAL_BURST,completion_time,PLACED,3,12-1-0-3,21008506.175668824,21.008506175668824,0.0,1333.3333333333335,6903.767127175669,8237.100460509002,1354.341839509002,3000.0,True,
burst_job_006,llm_inference,8603448276,NORMAL_BURST,completion_time,PLACED,3,12-1-0-3,20950504.14192895,20.95050414192895,0.0,2666.666666666667,8624.398780141928,11291.065446808596,2687.6171708085967,8000.0,True,
burst_job_007,image_inference,10324137931,NORMAL_BURST,completion_time,PLACED,0,12-1-0,15527487.070505159,15.52748707050516,0.0,900.0,10339.665418070505,11239.665418070505,915.5274870705052,2500.0,True,
burst_job_008,object_detection,12044827586,NORMAL_BURST,completion_time,PLACED,3,12-1-0-3,20841873.36804822,20.84187336804822,0.0,1250.0,12065.669459368048,13315.669459368048,1270.8418733680483,6000.0,True,
burst_job_009,llm_inference,13765517241,NORMAL_BURST,completion_time,PLACED,3,12-1-0-3,20788024.029635184,20.788024029635185,0.0,2791.666666666667,13786.305265029634,16577.971931696302,2812.4546906963024,6000.0,True,
burst_job_010,image_inference,15486206897,NORMAL_BURST,completion_time,PLACED,0,12-1-0,15342965.66738503,15.34296566738503,0.0,1050.0,15501.549862667385,16551.549862667387,1065.342965667387,2000.0,True,
burst_job_011,object_detection,17206896552,NORMAL_BURST,completion_time,PLACED,3,12-1-0-3,20678211.540781174,20.678211540781174,0.0,1166.6666666666667,17227.57476354078,18394.241430207447,1187.3448782074483,5000.0,True,
burst_job_012,llm_inference,18927586207,NORMAL_BURST,completion_time,PLACED,3,12-4-3,17014782.498536468,17.01478249853647,0.0,2708.3333333333335,18944.600989498536,21652.93432283187,2725.348115831868,12000.0,True,
burst_job_013,image_inference,20648275862,NORMAL_BURST,completion_time,PLACED,0,12-1-0,15158099.459580583,15.158099459580583,0.0,950.0,20663.433961459577,21613.433961459577,965.1580994595788,1500.0,True,
burst_job_014,object_detection,22368965517,NORMAL_BURST,completion_time,PLACED,3,12-4-3,16937701.788615257,16.937701788615257,0.0,1291.6666666666667,22385.903218788615,23677.569885455283,1308.6043684552824,4000.0,True,
burst_job_015,llm_inference,24089655172,NORMAL_BURST,completion_time,PLACED,3,12-4-3,16899980.69618387,16.89998069618387,0.0,2833.3333333333335,24106.555152696183,26939.888486029515,2850.233314029516,10000.0,True,
burst_job_016,image_inference,25810344828,NORMAL_BURST,completion_time,PLACED,0,12-1-0,14976847.033418188,14.976847033418188,0.0,850.0,25825.321675033418,26675.321675033418,864.9768470334166,3000.0,True,
burst_job_017,object_detection,27531034483,NORMAL_BURST,completion_time,PLACED,3,12-4-3,16824080.968678653,16.824080968678654,0.0,1208.3333333333335,27547.85856396868,28756.19189730201,1225.1574143020116,3000.0,True,
burst_job_018,llm_inference,29251724138,NORMAL_BURST,completion_time,PLACED,3,12-4-3,16788089.817263898,16.7880898172639,0.0,2750.0,29268.512227817264,32018.512227817264,2766.7880898172625,8000.0,True,
burst_job_019,image_inference,30972413793,NORMAL_BURST,completion_time,PLACED,0,12-1-0,14802898.261980584,14.802898261980584,0.0,1000.0,30987.21669126198,31987.21669126198,1014.8028982619799,2500.0,True,
burst_job_020,object_detection,32693103448,NORMAL_BURST,completion_time,PLACED,3,12-4-3,16717857.802676708,16.717857802676708,0.0,1333.3333333333335,32709.821305802678,34043.15463913601,1350.0511911360081,6000.0,True,
burst_job_021,llm_inference,34413793103,NORMAL_BURST,completion_time,PLACED,3,12-4-3,16681639.517664554,16.681639517664554,0.0,2666.666666666667,34430.47474251767,37097.14140918433,2683.348306184329,6000.0,True,
burst_job_022,image_inference,36134482759,NORMAL_BURST,completion_time,PLACED,0,12-1-0,14629780.327834079,14.629780327834078,0.0,900.0,36149.112539327834,37049.112539327834,914.6297803278358,2000.0,True,
burst_job_023,object_detection,37855172414,NORMAL_BURST,completion_time,PLACED,3,12-4-3,16615083.253955422,16.615083253955422,0.0,1250.0,37871.78749725396,39121.78749725396,1266.615083253957,5000.0,True,
burst_job_024,llm_inference,39575862069,NORMAL_BURST,completion_time,PLACED,3,12-4-3,16582732.452484025,16.582732452484024,0.0,2791.666666666667,39592.44480145249,42384.111468119154,2808.2493991191513,12000.0,True,
burst_job_025,image_inference,41296551724,NORMAL_BURST,completion_time,PLACED,0,12-1-0,14464524.95051924,14.46452495051924,0.0,1050.0,41311.01624895052,42361.01624895052,1064.4645249505193,1500.0,True,
burst_job_026,object_detection,43017241379,NORMAL_BURST,completion_time,PLACED,3,12-4-3,16518111.604304435,16.518111604304433,0.0,1166.6666666666667,43033.7594906043,44200.426157270966,1183.1847782709665,4000.0,True,
burst_job_027,llm_inference,44737931034,NORMAL_BURST,completion_time,PLACED,3,12-4-3,16487706.268293194,16.487706268293195,0.0,2708.3333333333335,44754.418740268295,47462.75207360163,2724.8210396016293,10000.0,True,
burst_job_028,image_inference,46458620690,NORMAL_BURST,completion_time,PLACED,0,12-1-0,14301056.664515888,14.301056664515889,0.0,950.0,46472.92174666452,47422.92174666452,964.3010566645171,3000.0,True,
burst_job_029,object_detection,48179310345,NORMAL_BURST,completion_time,PLACED,3,12-4-3,16428856.137140147,16.428856137140148,0.0,1291.6666666666667,48195.73920113714,49487.405867803805,1308.0955228038074,3000.0,True,
burst_job_030,llm_inference,49900000000,NORMAL_BURST,completion_time,PLACED,3,12-4-3,16398779.699642664,16.398779699642663,0.0,2833.3333333333335,49916.398779699644,52749.73211303298,2849.73211303298,8000.0,True,
burst_job_031,image_inference,50000000000,NORMAL_BURST,completion_time,PLACED,0,12-1-0,14191103.143887794,14.191103143887794,0.0,850.0,50014.19110314389,50864.19110314389,864.1911031438867,2500.0,True,
burst_job_032,object_detection,50279439252,NORMAL_BURST,completion_time,PLACED,7,12-9-10-11-7,35593486.412578054,35.59348641257805,0.0,1611.111111111111,50315.03273841258,51926.14384952369,1646.7045975236906,6000.0,True,
burst_job_033,llm_inference,50558878505,NORMAL_BURST,completion_time,PLACED,0,12-1-0,14176052.972211815,14.176052972211815,291.1365451716774,3300.0,50864.19110314389,54164.19110314389,3605.312598143886,6000.0,True,
burst_job_034,image_inference,50838317757,NORMAL_BURST,completion_time,PLACED,7,12-9-10-11-7,35608686.72869173,35.60868672869173,1052.217405794996,1111.111111111111,51926.14384952369,53037.2549606348,2198.9372036347995,2000.0,False,
burst_job_035,object_detection,51117757009,NORMAL_BURST,completion_time,PLACED,3,12-4-3,16379143.691091599,16.3791436910916,1615.5959603418887,1333.3333333333335,52749.73211303298,54083.065446366316,2965.308437366315,5000.0,True,
burst_job_036,llm_inference,51397196262,NORMAL_BURST,completion_time,PLACED,7,12-9-10-11-7,35621399.435220934,35.62139943522094,1604.437299199577,3555.5555555555557,53037.2549606348,56592.81051619035,5195.614254190354,12000.0,True,
burst_job_037,image_inference,51676635514,NORMAL_BURST,completion_time,PLACED,3,12-4-3,16371062.33161277,16.37106233161277,2390.0588700347,750.0,54083.065446366316,54833.065446366316,3156.4299323663145,1500.0,False,
burst_job_038,object_detection,51956074766,NORMAL_BURST,completion_time,PLACED,0,12-1-0,14134200.510611353,14.134200510611354,2193.9821366332762,1500.0,54164.19110314389,55664.19110314389,3708.116337143889,4000.0,True,
burst_job_039,llm_inference,52235514019,NORMAL_BURST,completion_time,PLACED,3,12-4-3,16361444.889750162,16.361444889750164,2581.189982476564,2791.666666666667,54833.065446366316,57624.73211303298,5389.218094032978,10000.0,True,
burst_job_040,image_inference,52514953271,NORMAL_BURST,completion_time,PLACED,0,12-1-0,14116397.079391222,14.116397079391222,3135.121435064495,1050.0,55664.19110314389,56714.19110314389,4199.237832143888,3000.0,False,
burst_job_041,object_detection,52794392523,NORMAL_BURST,completion_time,PLACED,0,12-1-0,14110477.40779062,14.11047740779062,3905.688102736094,1400.0,56714.19110314389,58114.19110314389,5319.7985801438845,3000.0,False,
burst_job_042,llm_inference,53073831776,NORMAL_BURST,completion_time,PLACED,7,12-9-10-11-7,35664940.973967426,35.664940973967425,3483.313799216383,3611.111111111111,56592.81051619035,60203.92162730146,7130.089851301462,8000.0,True,
burst_job_043,image_inference,53353271028,NORMAL_BURST,completion_time,PLACED,3,12-4-3,16344031.391285313,16.344031391285313,4255.11705364169,791.6666666666667,57624.73211303298,58416.398779699644,5063.1277516996415,2500.0,False,
burst_job_044,object_detection,53632710280,NORMAL_BURST,completion_time,PLACED,0,12-1-0,14083967.89925122,14.08396789925122,4467.396855244639,1550.0,58114.19110314389,59664.19110314389,6031.480823143887,6000.0,False,
burst_job_045,llm_inference,53912149533,NORMAL_BURST,completion_time,PLACED,3,12-4-3,16334652.3814189,16.334652381418902,4487.914594318223,2833.3333333333335,58416.398779699644,61249.73211303298,7337.582580032977,6000.0,False,
burst_job_046,image_inference,54191588785,NORMAL_BURST,completion_time,PLACED,0,12-1-0,14069319.32181816,14.06931932181816,5458.532998822069,850.0,59664.19110314389,60514.19110314389,6322.602318143887,2000.0,False,
burst_job_047,object_detection,54471028037,NORMAL_BURST,completion_time,PLACED,7,12-9-10-11-7,35701163.69972008,35.70116369972008,5697.192426601745,1611.111111111111,60203.92162730146,61815.03273841257,7344.004701412574,5000.0,False,
burst_job_048,llm_inference,54750467290,NORMAL_BURST,completion_time,PLACED,0,12-1-0,14051815.854372846,14.051815854372846,5749.671997289515,3300.0,60514.19110314389,63814.19110314389,9063.723813143886,12000.0,True,
burst_job_049,image_inference,55029906542,NORMAL_BURST,completion_time,PLACED,3,12-4-3,16317687.536518447,16.31768753651845,6203.507883496466,833.3333333333334,61249.73211303298,62083.065446366316,7053.158904366319,1500.0,False,
burst_job_050,object_detection,55309345794,NORMAL_BURST,completion_time,PLACED,3,12-4-3,16313112.403031792,16.31311240303179,6757.406539963282,1333.3333333333335,62083.065446366316,63416.39877969965,8107.052985699651,4000.0,False,
burst_job_051,llm_inference,55588785047,NORMAL_BURST,completion_time,PLACED,7,12-9-10-11-7,35729855.29645172,35.72985529645172,6190.517836116123,3555.5555555555557,61815.03273841257,65370.588293968125,9781.803246968127,10000.0,True,
burst_job_052,image_inference,55868224299,NORMAL_BURST,completion_time,PLACED,3,12-4-3,16305533.093795959,16.305533093795958,7531.868947605857,750.0,63416.39877969965,64166.39877969965,8298.17448069965,3000.0,False,
burst_job_053,object_detection,56147663551,NORMAL_BURST,completion_time,PLACED,0,12-1-0,14011310.043603742,14.011310043603743,7652.516242100282,1500.0,63814.19110314389,65314.19110314389,9166.527552143889,3000.0,False,
burst_job_054,llm_inference,56427102804,NORMAL_BURST,completion_time,PLACED,3,12-4-3,16296512.0943394,16.296512094339402,7722.999463605309,2791.666666666667,64166.39877969965,66958.06544636632,10530.962642366321,8000.0,False,
burst_job_055,image_inference,56706542056,NORMAL_BURST,completion_time,PLACED,0,12-1-0,13994096.684456555,13.994096684456554,8593.65495045943,1050.0,65314.19110314389,66364.19110314388,9657.649047143881,2500.0,False,
burst_job_056,object_detection,56985981308,NORMAL_BURST,completion_time,PLACED,7,12-9-10-11-7,35766653.33225567,35.76665333225567,8348.840332635868,1555.5555555555554,65370.588293968125,66926.14384952368,9940.162541523678,6000.0,False,
burst_job_057,llm_inference,57265420561,NORMAL_BURST,completion_time,PLACED,0,12-1-0,13979814.055504523,13.979814055504523,9084.790728088374,3250.0,66364.19110314388,69614.19110314388,12348.77054214388,6000.0,False,
burst_job_058,image_inference,57544859813,NORMAL_BURST,completion_time,PLACED,3,12-4-3,16280212.708183398,16.2802127081834,9396.925420658139,791.6666666666667,66958.06544636632,67749.732113033,10204.872300032992,2000.0,False,
burst_job_059,object_detection,57824299065,NORMAL_BURST,completion_time,PLACED,7,12-9-10-11-7,35790469.97067636,35.79046997067636,9066.054314553003,1722.2222222222222,66926.14384952368,68648.3660717459,10824.0670067459,5000.0,False,
burst_job_060,llm_inference,58103738318,NORMAL_BURST,completion_time,PLACED,3,12-4-3,16271444.576146366,16.271444576146365,9629.722350456846,2833.3333333333335,67749.732113033,70583.06544636632,12479.32712836632,12000.0,False,
burst_job_061,image_inference,58383177570,NORMAL_BURST,completion_time,PLACED,7,12-9-10-11-7,35803765.22841785,35.80376522841785,10229.38473651748,944.4444444444445,68648.3660717459,69592.81051619034,11209.632946190337,1500.0,False,
burst_job_062,object_detection,58662616822,NORMAL_BURST,completion_time,PLACED,0,12-1-0,13940156.149972178,13.940156149972179,10937.634124993907,1450.0,69614.19110314388,71064.19110314388,12401.574281143876,4000.0,False,
burst_job_063,llm_inference,58942056075,NORMAL_BURST,completion_time,PLACED,7,12-9-10-11-7,35819760.9707607,35.819760970760704,10614.934680219572,3666.6666666666665,69592.81051619034,73259.47718285701,14317.421107857008,10000.0,False,
burst_job_064,image_inference,59221495327,NORMAL_BURST,completion_time,PLACED,3,12-4-3,16255602.105374768,16.25560210537477,11345.314517260951,833.3333333333334,70583.06544636632,71416.39877969965,12194.903452699655,3000.0,False,
burst_job_065,object_detection,59500934579,NORMAL_BURST,completion_time,PLACED,0,12-1-0,13914919.654797979,13.914919654797979,11549.341604489084,1600.0,71064.19110314388,72664.19110314388,13163.256524143879,3000.0,False,
burst_job_066,llm_inference,59780373832,NORMAL_BURST,completion_time,PLACED,3,12-4-3,16248498.441125443,16.24849844112544,11619.776449258527,2666.666666666667,71416.39877969965,74083.06544636632,14302.691614366326,8000.0,False,
burst_job_067,image_inference,60059813084,NORMAL_BURST,completion_time,PLACED,0,12-1-0,13900987.738964057,13.900987738964057,12590.477031404916,900.0,72664.19110314388,73564.19110314388,13504.378019143878,2500.0,False,
burst_job_068,object_detection,60339252336,NORMAL_BURST,completion_time,PLACED,7,12-9-10-11-7,35857310.79093336,35.85731079093336,12884.367536066078,1666.6666666666665,73259.47718285701,74926.14384952368,14586.891513523682,6000.0,False,
burst_job_069,llm_inference,60618691589,NORMAL_BURST,completion_time,PLACED,3,12-4-3,16235872.37076249,16.23587237076249,13448.137984995556,2791.666666666667,74083.06544636632,76874.732113033,16256.040524032993,6000.0,False,
burst_job_070,image_inference,60898130841,NORMAL_BURST,completion_time,PLACED,0,12-1-0,13878827.988404293,13.878827988404293,12652.181434155478,1050.0,73564.19110314388,74614.19110314388,13716.060262143881,2000.0,False,
burst_job_071,object_detection,61177570093,NORMAL_BURST,completion_time,PLACED,0,12-1-0,13870560.523118686,13.870560523118685,13422.750449620762,1400.0,74614.19110314388,76014.19110314388,14836.621010143877,5000.0,False,
burst_job_072,llm_inference,61457009346,NORMAL_BURST,completion_time,PLACED,7,12-9-10-11-7,35887029.157119505,35.88702915711951,13433.247474366559,3611.111111111111,74926.14384952368,78537.25496063479,17080.24561463479,12000.0,False,
burst_job_073,image_inference,61736448598,NORMAL_BURST,completion_time,PLACED,0,12-1-0,13854100.828876616,13.854100828876616,14263.888404315003,950.0,76014.19110314388,76964.19110314388,15227.742505143877,1500.0,False,
burst_job_074,object_detection,62015887850,NORMAL_BURST,completion_time,PLACED,3,12-4-3,16216631.263101308,16.21663126310131,14842.627631769894,1291.6666666666667,76874.732113033,78166.39877969967,16150.510929699667,4000.0,False,
burst_job_075,llm_inference,62295327103,NORMAL_BURST,completion_time,PLACED,0,12-1-0,13840450.914332682,13.840450914332683,14655.023549229547,3400.0,76964.19110314388,80364.19110314388,18068.864000143876,10000.0,False,
burst_job_076,image_inference,62574766355,NORMAL_BURST,completion_time,PLACED,3,12-4-3,16209877.117005728,16.20987711700573,15575.42254758266,708.3333333333334,78166.39877969967,78874.732113033,16299.965758032995,3000.0,False,
burst_job_077,object_detection,62854205607,NORMAL_BURST,completion_time,PLACED,3,12-4-3,16205853.406930134,16.205853406930135,16004.320652626062,1208.3333333333335,78874.732113033,80083.06544636632,17228.85983936632,3000.0,False,
burst_job_078,llm_inference,63133644860,NORMAL_BURST,completion_time,PLACED,7,12-9-10-11-7,35933313.75111746,35.93331375111746,15367.676786883669,3666.6666666666665,78537.25496063479,82203.92162730146,19070.27676730146,8000.0,False,
burst_job_079,image_inference,63413084112,NORMAL_BURST,completion_time,PLACED,3,12-4-3,16197876.054065596,16.197876054065595,16653.78345831226,833.3333333333334,80083.06544636632,80916.39877969965,17503.314667699655,2500.0,False,
burst_job_080,object_detection,63692523364,NORMAL_BURST,completion_time,PLACED,0,12-1-0,13802589.003337454,13.802589003337454,16657.86515014054,1600.0,80364.19110314388,81964.19110314388,18271.66773914388,6000.0,False,
burst_job_081,llm_inference,63971962617,NORMAL_BURST,completion_time,PLACED,3,12-4-3,16191303.954664733,16.191303954664733,16928.24485874499,2666.666666666667,80916.39877969965,83583.06544636632,19611.102829366326,6000.0,False,
burst_job_082,image_inference,64251401869,NORMAL_BURST,completion_time,PLACED,0,12-1-0,13786527.03933577,13.78652703933577,17699.00270710454,900.0,81964.19110314388,82864.19110314388,18612.78923414388,2000.0,False,
burst_job_083,object_detection,64530841121,NORMAL_BURST,completion_time,PLACED,7,12-9-10-11-7,35971757.28065146,35.97175728065146,17637.10874902081,1666.6666666666665,82203.92162730146,83870.58829396813,19339.747172968135,5000.0,False,
burst_job_084,llm_inference,64810280374,NORMAL_BURST,completion_time,PLACED,0,12-1-0,13770559.083773071,13.77055908377307,18040.140170060105,3350.0,82864.19110314388,86214.19110314388,21403.910729143878,12000.0,False,
burst_job_085,image_inference,65089719626,NORMAL_BURST,completion_time,PLACED,3,12-4-3,16177054.089641087,16.177054089641086,18477.168766276685,875.0,83583.06544636632,84458.06544636632,19368.345820366325,1500.0,False,
burst_job_086,object_detection,65369158879,NORMAL_BURST,completion_time,PLACED,7,12-9-10-11-7,35993857.06938261,35.99385706938261,18465.435557898745,1555.5555555555554,83870.58829396813,85426.1438495237,20056.984970523692,4000.0,False,
burst_job_087,llm_inference,65648598131,NORMAL_BURST,completion_time,PLACED,3,12-4-3,16169414.127513397,16.1694141275134,18793.29790123881,2708.3333333333335,84458.06544636632,87166.39877969965,21517.800648699646,10000.0,False,
burst_job_088,image_inference,65928037383,NORMAL_BURST,completion_time,PLACED,7,12-9-10-11-7,36010489.21153925,36.01048921153925,19462.095977312158,1055.5555555555554,85426.1438495237,86481.69940507926,20553.662022079254,3000.0,False,
burst_job_089,object_detection,66207476636,NORMAL_BURST,completion_time,PLACED,0,12-1-0,13733699.386876563,13.733699386876562,19992.98076775699,1550.0,86214.19110314388,87764.19110314388,21556.714467143873,3000.0,False,
burst_job_090,llm_inference,66486915888,NORMAL_BURST,completion_time,PLACED,3,12-4-3,16159370.71107873,16.15937071107873,20663.323520988575,2833.3333333333335,87166.39877969965,89999.73211303298,23512.816225032977,8000.0,False,
burst_job_091,image_inference,66766355140,NORMAL_BURST,completion_time,PLACED,7,12-9-10-11-7,36032745.65151282,36.03274565151282,19679.31151942775,944.4444444444445,86481.69940507926,87426.1438495237,20659.788709523695,2500.0,False,
burst_job_092,object_detection,67045794393,NORMAL_BURST,completion_time,PLACED,7,12-9-10-11-7,36041119.098355494,36.041119098355495,20344.308337425333,1611.111111111111,87426.1438495237,89037.2549606348,21991.4605676348,6000.0,False,
burst_job_093,llm_inference,67325233645,NORMAL_BURST,completion_time,PLACED,0,12-1-0,13705114.812026812,13.705114812026812,20425.252343331857,3300.0,87764.19110314388,91064.19110314388,23738.95745814388,6000.0,False,
burst_job_094,image_inference,67604672897,NORMAL_BURST,completion_time,PLACED,7,12-9-10-11-7,36057903.74344842,36.05790374344842,21396.524159891356,1111.111111111111,89037.2549606348,90148.36607174591,22543.693174745917,2000.0,False,
burst_job_095,object_detection,67884112150,NORMAL_BURST,completion_time,PLACED,3,12-4-3,16142186.926496787,16.142186926496787,22099.477776106476,1333.3333333333335,89999.73211303298,91333.06544636631,23448.953296366308,5000.0,False,
burst_job_096,llm_inference,68163551402,NORMAL_BURST,completion_time,PLACED,7,12-9-10-11-7,36071922.77721559,36.07192277721559,21948.742746968695,3555.5555555555557,90148.36607174591,93703.92162730148,25540.370225301478,12000.0,False,
burst_job_097,image_inference,68442990654,NORMAL_BURST,completion_time,PLACED,0,12-1-0,13676881.887523249,13.67688188752325,22607.523567256358,900.0,91064.19110314388,91964.19110314388,23521.200449143886,1500.0,False,
burst_job_098,object_detection,68722429907,NORMAL_BURST,completion_time,PLACED,3,12-4-3,16131411.455668932,16.131411455668932,22594.504127910637,1250.0,91333.06544636631,92583.06544636631,23860.63553936631,4000.0,False,
burst_job_099,llm_inference,69001869159,NORMAL_BURST,completion_time,PLACED,0,12-1-0,13661631.110820362,13.661631110820363,22948.660313033062,3350.0,91964.19110314388,95314.19110314388,26312.321944143885,10000.0,False,
burst_job_100,image_inference,69281308411,NORMAL_BURST,completion_time,PLACED,3,12-4-3,16125514.158166043,16.125514158166045,23285.63152120814,875.0,92583.06544636631,93458.06544636631,24176.757035366303,3000.0,False,
burst_job_101,object_detection,69560747664,NORMAL_BURST,completion_time,PLACED,3,12-4-3,16122006.740295287,16.122006740295287,23881.195775626024,1166.6666666666667,93458.06544636631,94624.73211303298,25063.984449032985,3000.0,False,
burst_job_102,llm_inference,69840186916,NORMAL_BURST,completion_time,PLACED,7,12-9-10-11-7,36119870.56092027,36.11987056092027,23827.614840740556,3611.111111111111,93703.92162730148,97315.03273841258,27474.84582241258,8000.0,False,
burst_job_103,image_inference,70119626168,NORMAL_BURST,completion_time,PLACED,3,12-4-3,16115063.901405314,16.115063901405314,24488.99088113157,791.6666666666667,94624.73211303298,95416.39877969965,25296.77261169965,2500.0,False,
burst_job_104,object_detection,70399065421,NORMAL_BURST,completion_time,PLACED,3,12-4-3,16112770.030391775,16.112770030391776,25001.220588669254,1291.6666666666667,95416.39877969965,96708.06544636632,26309.000025366317,6000.0,False,
burst_job_105,llm_inference,70678504673,NORMAL_BURST,completion_time,PLACED,0,12-1-0,13621481.146714676,13.621481146714677,24622.064948997155,3400.0,95314.19110314388,98714.19110314388,28035.686430143876,6000.0,False,
burst_job_106,image_inference,70957943925,NORMAL_BURST,completion_time,PLACED,3,12-4-3,16105949.585982397,16.105949585982398,25734.015571780343,708.3333333333334,96708.06544636632,97416.39877969965,26458.454854699652,2000.0,False,
burst_job_107,object_detection,71237383178,NORMAL_BURST,completion_time,PLACED,3,12-4-3,16102577.826209024,16.102577826209025,26162.913023873436,1208.3333333333335,97416.39877969965,98624.73211303298,27387.348935032976,5000.0,False,
burst_job_108,llm_inference,71516822430,NORMAL_BURST,completion_time,PLACED,7,12-9-10-11-7,36168219.087051146,36.16821908705115,25762.042089325536,3666.6666666666665,97315.03273841258,100981.69940507926,29464.876975079256,12000.0,False,
burst_job_109,image_inference,71796261682,NORMAL_BURST,completion_time,PLACED,3,12-4-3,16097004.481963953,16.097004481963953,26812.373426551014,833.3333333333334,98624.73211303298,99458.06544636631,27661.803764366312,1500.0,False,
burst_job_110,object_detection,72075700935,NORMAL_BURST,completion_time,PLACED,0,12-1-0,13586979.13805526,13.58697913805526,26624.903189005825,1600.0,98714.19110314388,100314.19110314388,28238.49016814388,4000.0,False,
burst_job_111,llm_inference,72355140187,NORMAL_BURST,completion_time,PLACED,3,12-4-3,16090407.974411154,16.090407974411153,27086.834851391905,2666.666666666667,99458.06544636631,102124.73211303298,29769.591926032983,10000.0,False,
burst_job_112,image_inference,72634579439,NORMAL_BURST,completion_time,PLACED,0,12-1-0,13572375.200919483,13.572375200919483,27666.039288942964,900.0,100314.19110314388,101214.19110314388,28579.611664143886,3000.0,False,
burst_job_113,object_detection,72914018692,NORMAL_BURST,completion_time,PLACED,7,12-9-10-11-7,36208322.58426899,36.208322584268984,28031.472390494993,1666.6666666666665,100981.69940507926,102648.36607174593,29734.34737974593,3000.0,False,
burst_job_114,llm_inference,73193457944,NORMAL_BURST,completion_time,PLACED,0,12-1-0,13560292.781857343,13.560292781857344,28007.17286636203,3350.0,101214.19110314388,104564.19110314388,31370.733159143885,8000.0,False,
burst_job_115,image_inference,73472897196,NORMAL_BURST,completion_time,PLACED,3,12-4-3,16078559.380465278,16.07855938046528,28635.756357652514,875.0,102124.73211303298,102999.73211303298,29526.834917032975,2500.0,False,
burst_job_116,object_detection,73752336449,NORMAL_BURST,completion_time,PLACED,3,12-4-3,16075384.198073039,16.07538419807304,29231.32027983491,1166.6666666666667,102999.73211303298,104166.39877969965,30414.062330699657,6000.0,False,
burst_job_117,llm_inference,74031775701,NORMAL_BURST,completion_time,PLACED,7,12-9-10-11-7,36240020.77007329,36.240020770073286,28580.35034997585,3611.111111111111,102648.36607174593,106259.47718285704,32227.70148185703,6000.0,False,
burst_job_118,image_inference,74311214953,NORMAL_BURST,completion_time,PLACED,3,12-4-3,16069105.52587174,16.06910552587174,29839.114721173784,791.6666666666667,104166.39877969965,104958.06544636632,30646.85049336632,2000.0,False,
burst_job_119,object_detection,74590654206,NORMAL_BURST,completion_time,PLACED,0,12-1-0,13526879.943870569,13.526879943870568,29960.01001720001,1550.0,104564.19110314388,106114.19110314388,31523.536897143873,5000.0,False,
burst_job_120,llm_inference,74870093458,NORMAL_BURST,completion_time,PLACED,3,12-4-3,16063946.295911657,16.063946295911656,30071.908042070412,2833.3333333333335,104958.06544636632,107791.39877969965,32921.30532169965,12000.0,False,
burst_job_121,image_inference,75149532710,NORMAL_BURST,completion_time,PLACED,0,12-1-0,13512746.391644614,13.512746391644614,30951.145646752237,850.0,106114.19110314388,106964.19110314388,31814.65839314388,1500.0,False,
burst_job_122,object_detection,75428971963,NORMAL_BURST,completion_time,PLACED,7,12-8-9-10-11-7,43362417.93281326,43.36241793281326,30787.142801924216,1611.111111111111,106259.47718285704,107870.58829396815,32441.616330968143,4000.0,False,
burst_job_123,llm_inference,75708411215,NORMAL_BURST,completion_time,PLACED,0,12-1-0,13498733.161018362,13.498733161018363,31242.281154982862,3300.0,106964.19110314388,110264.19110314388,34555.77988814388,10000.0,False,
burst_job_124,image_inference,75987850467,NORMAL_BURST,completion_time,PLACED,3,12-4-3,16052831.59882095,16.05283159882095,31787.495481100836,833.3333333333334,107791.39877969965,108624.73211303298,32636.881646032984,3000.0,False,
burst_job_125,object_detection,76267289720,NORMAL_BURST,completion_time,PLACED,7,12-8-9-10-11-7,43347808.289727926,43.34780828972793,31559.95076567841,1777.7777777777778,107870.58829396815,109648.36607174593,33381.07635174593,3000.0,False,
burst_job_126,llm_inference,76546728972,NORMAL_BURST,completion_time,PLACED,3,12-4-3,16046900.587062044,16.046900587062044,32061.956240445914,2666.666666666667,108624.73211303298,111291.39877969965,34744.669807699654,8000.0,False,
burst_job_127,image_inference,76826168224,NORMAL_BURST,completion_time,PLACED,7,12-8-9-10-11-7,43336964.90144239,43.33696490144239,32778.860882844485,1000.0,109648.36607174593,110648.36607174593,33822.197847745934,2500.0,False,
burst_job_128,object_detection,77105607477,NORMAL_BURST,completion_time,PLACED,0,12-1-0,13466488.150034575,13.466488150034575,33145.117137993846,1500.0,110264.19110314388,111764.19110314388,34658.58362614388,6000.0,False,
burst_job_129,llm_inference,77385046729,NORMAL_BURST,completion_time,PLACED,3,12-4-3,16039148.836659677,16.039148836659677,33890.312901863,2791.666666666667,111291.39877969965,114083.06544636632,36698.01871736633,6000.0,False,
burst_job_130,image_inference,77664485981,NORMAL_BURST,completion_time,PLACED,7,12-8-9-10-11-7,43322654.495545,43.322654495545,32940.55743625038,1166.6666666666667,110648.36607174593,111815.0327384126,34150.546757412594,2000.0,False,
burst_job_131,object_detection,77943925234,NORMAL_BURST,completion_time,PLACED,0,12-1-0,13448353.571678596,13.448353571678595,33806.81751557221,1400.0,111764.19110314388,113164.19110314388,35220.265869143885,5000.0,False,
burst_job_132,llm_inference,78223364486,NORMAL_BURST,completion_time,PLACED,7,12-8-9-10-11-7,43312041.56865333,43.31204156865333,33548.35621084394,3611.111111111111,111815.0327384126,115426.14384952371,37202.7793635237,12000.0,False,
burst_job_133,image_inference,78502803738,NORMAL_BURST,completion_time,PLACED,0,12-1-0,13434894.478485717,13.434894478485717,34647.95247066539,950.0,113164.19110314388,114114.19110314388,35611.38736514388,1500.0,False,
burst_job_134,object_detection,78782242991,NORMAL_BURST,completion_time,PLACED,3,12-4-3,16026000.271797605,16.026000271797606,35284.79645509452,1291.6666666666667,114083.06544636632,115374.732113033,36592.48912203299,4000.0,False,
burst_job_135,llm_inference,79061682243,NORMAL_BURST,completion_time,PLACED,0,12-1-0,13423765.136570409,13.42376513657041,35039.08509500731,3400.0,114114.19110314388,117514.19110314388,38452.50886014388,10000.0,False,
burst_job_136,image_inference,79341121495,NORMAL_BURST,completion_time,PLACED,3,12-4-3,16020525.03109216,16.02052503109216,36017.5900930019,708.3333333333334,115374.732113033,116083.06544636632,36741.943951366324,3000.0,False,
burst_job_137,object_detection,79620560748,NORMAL_BURST,completion_time,PLACED,7,12-8-9-10-11-7,43287650.31464185,43.28765031464185,35762.295451209066,1611.111111111111,115426.14384952371,117037.25496063482,37416.694212634815,3000.0,False,
burst_job_138,llm_inference,79900000000,NORMAL_BURST,completion_time,PLACED,3,12-4-3,16015150.359218214,16.015150359218215,36167.0502960071,2750.0,116083.06544636632,118833.06544636632,38933.06544636632,8000.0,False,
burst_job_139,image_inference,80000000000,NORMAL_BURST,completion_time,PLACED,7,12-8-9-10-11-7,43280785.594760776,43.28078559476077,36993.97417504006,1111.111111111111,117037.25496063482,118148.36607174593,38148.36607174593,2500.0,False,
burst_job_140,object_detection,81734782609,NORMAL_BURST,completion_time,PLACED,0,12-1-0,13365177.644475847,13.365177644475848,35766.0433164994,1600.0,117514.19110314388,119114.19110314388,37379.40849414388,6000.0,False,
burst_job_141,llm_inference,83469565217,NORMAL_BURST,completion_time,PLACED,3,12-4-3,15985755.073063359,15.985755073063359,35347.51447429326,2666.666666666667,118833.06544636632,121499.732113033,38030.166896033,6000.0,False,
burst_job_142,image_inference,85204347826,NORMAL_BURST,completion_time,PLACED,7,12-8-9-10-11-7,43195540.93814681,43.195540938146806,32900.82270480778,1000.0,118148.36607174593,119148.36607174593,33944.01824574593,2000.0,False,
burst_job_143,object_detection,86939130435,NORMAL_BURST,completion_time,PLACED,0,12-1-0,13259677.350856557,13.259677350856558,32161.800990793025,1500.0,119114.19110314388,120614.19110314388,33675.06066814388,5000.0,False,
burst_job_144,llm_inference,88673913043,NORMAL_BURST,completion_time,PLACED,7,12-8-9-10-11-7,43143960.19382969,43.14396019382969,30431.309068552102,3722.222222222222,119148.36607174593,122870.58829396815,34196.675250968154,12000.0,False,
burst_job_145,image_inference,90408695652,NORMAL_BURST,completion_time,PLACED,0,12-1-0,13194377.01116555,13.19437701116555,30192.301074132716,1050.0,120614.19110314388,121664.19110314388,31255.495451143885,1500.0,False,
burst_job_146,object_detection,92143478261,NORMAL_BURST,completion_time,PLACED,3,12-4-3,15927391.603669723,15.927391603669724,29340.32646042932,1166.6666666666667,121499.732113033,122666.39877969967,30522.92051869967,4000.0,False,
burst_job_147,llm_inference,93878260870,NORMAL_BURST,completion_time,PLACED,0,12-1-0,13135566.543147646,13.135566543147647,27772.794666600734,3250.0,121664.19110314388,124914.19110314388,31035.93023314388,10000.0,False,
burst_job_148,image_inference,95613043478,NORMAL_BURST,completion_time,PLACED,3,12-4-3,15909912.371271405,15.909912371271405,27037.445389328394,791.6666666666667,122666.39877969967,123458.06544636634,27845.02196836633,3000.0,False,
burst_job_149,object_detection,97347826087,NORMAL_BURST,completion_time,PLACED,7,12-8-9-10-11-7,43027417.402091116,43.02741740209112,25479.734789566064,1722.2222222222222,122870.58829396815,124592.81051619037,27244.984429190372,3000.0,False,
burst_job_150,llm_inference,99082608696,NORMAL_BURST,completion_time,PLACED,3,12-4-3,15896269.433772737,15.896269433772737,24359.560480932574,2833.3333333333335,123458.06544636634,126291.39877969967,27208.79008369967,8000.0,False,
burst_job_151,image_inference,100817391304,NORMAL_BURST,completion_time,PLACED,7,12-8-9-10-11-7,42986967.87630306,42.98696787630306,23732.432244314055,944.4444444444445,124592.81051619037,125537.2549606348,24719.8636566348,2500.0,False,
burst_job_152,object_detection,102552173913,NORMAL_BURST,completion_time,PLACED,0,12-1-0,13007070.544360632,13.007070544360632,22349.01011959951,1450.0,124914.19110314388,126364.19110314388,23812.017190143873,6000.0,False,
burst_job_153,llm_inference,104286956522,NORMAL_BURST,completion_time,PLACED,3,12-4-3,15881806.911851821,15.881806911851822,21988.560450787816,2750.0,126291.39877969967,129041.39877969967,24754.442257699673,6000.0,False,
burst_job_154,image_inference,106021739130,NORMAL_BURST,completion_time,PLACED,7,12-8-9-10-11-7,42933866.22774192,42.933866227741916,19472.581964407058,1111.111111111111,125537.2549606348,126648.36607174591,20626.62694174591,2000.0,False,
burst_job_155,object_detection,107756521739,NORMAL_BURST,completion_time,PLACED,0,12-1-0,12946252.78231783,12.94625278231783,18594.723111361556,1600.0,126364.19110314388,127964.19110314388,20207.669364143876,5000.0,False,
burst_job_156,llm_inference,109491304348,NORMAL_BURST,completion_time,PLACED,7,12-8-9-10-11-7,42903729.04545124,42.903729045451236,17114.15799470045,3555.5555555555557,126648.36607174591,130203.92162730148,20712.61727930147,12000.0,False,
burst_job_157,image_inference,111226086957,NORMAL_BURST,completion_time,PLACED,0,12-1-0,12912389.028011775,12.912389028011775,16725.191757115856,900.0,127964.19110314388,128864.19110314388,17638.104146143873,1500.0,False,
burst_job_158,object_detection,112960869565,NORMAL_BURST,completion_time,PLACED,3,12-4-3,15875022.783189453,15.875022783189452,16064.654191916474,1250.0,129041.39877969967,130291.39877969967,17330.529214699665,4000.0,False,
burst_job_159,llm_inference,114695652174,NORMAL_BURST,completion_time,PLACED,0,12-1-0,12885095.543609405,12.885095543609404,14155.65383360027,3350.0,128864.19110314388,132214.19110314388,17518.538929143877,10000.0,False,
burst_job_160,image_inference,116430434783,NORMAL_BURST,completion_time,PLACED,3,12-4-3,15878457.476561982,15.878457476561982,13845.085539223102,875.0,130291.39877969967,131166.39877969967,14735.963996699662,3000.0,False,
burst_job_161,object_detection,118165217391,NORMAL_BURST,completion_time,PLACED,7,12-8-9-10-11-7,42843400.093802944,42.84340009380294,11995.860836207677,1555.5555555555554,130203.92162730148,131759.47718285702,13594.259791857025,3000.0,False,
burst_job_162,llm_inference,119900000000,NORMAL_BURST,completion_time,PLACED,3,12-4-3,15885425.199196026,15.885425199196026,11250.513354500465,2708.3333333333335,131166.39877969967,133874.732113033,13974.73211303301,8000.0,False,
burst_job_163,image_inference,120000000000,NORMAL_BURST,completion_time,PLACED,7,12-8-9-10-11-7,42833467.6210801,42.8334676210801,11716.643715235943,1055.5555555555554,131759.47718285702,132815.03273841258,12815.032738412585,2500.0,False,
burst_job_164,object_detection,120279439252,NORMAL_BURST,completion_time,PLACED,0,12-1-0,12852456.548556626,12.852456548556626,11921.899394595326,1550.0,132214.19110314388,133764.19110314388,13484.751851143883,6000.0,False,
burst_job_165,llm_inference,120558878505,NORMAL_BURST,completion_time,PLACED,7,12-8-9-10-11-7,42831050.92112125,42.831050921121246,12213.32318249147,3777.777777777778,132815.03273841258,136592.81051619037,16033.932011190365,6000.0,False,
burst_job_166,image_inference,120838317757,NORMAL_BURST,completion_time,PLACED,3,12-4-3,15887785.628006939,15.887785628006938,13020.52657040501,708.3333333333334,133874.732113033,134583.06544636635,13744.747689366355,2000.0,False,
burst_job_167,object_detection,121117757009,NORMAL_BURST,completion_time,PLACED,0,12-1-0,12848658.044840159,12.848658044840159,12633.585436099049,1450.0,133764.19110314388,135214.19110314388,14096.434094143886,5000.0,False,
burst_job_168,llm_inference,121397196262,NORMAL_BURST,completion_time,PLACED,3,12-4-3,15889198.802743923,15.889198802743923,13169.979985563608,2750.0,134583.06544636635,137333.06544636635,15935.869184366355,12000.0,False,
burst_job_169,image_inference,121676635514,NORMAL_BURST,completion_time,PLACED,0,12-1-0,12846722.7579466,12.8467227579466,13524.708866385932,1000.0,135214.19110314388,136214.19110314388,14537.555589143885,1500.0,False,
burst_job_170,object_detection,121956074766,NORMAL_BURST,completion_time,PLACED,0,12-1-0,12845624.671469681,12.84562467146968,14245.270712472411,1600.0,136214.19110314388,137814.19110314388,15858.116337143874,4000.0,False,
burst_job_171,llm_inference,122235514019,NORMAL_BURST,completion_time,PLACED,3,12-4-3,15891922.72630032,15.89192272630032,15081.659504640062,2666.666666666667,137333.06544636635,139999.732113033,17764.218094033014,10000.0,False,
burst_job_172,image_inference,122514953271,NORMAL_BURST,completion_time,PLACED,7,12-8-9-10-11-7,42822189.4415975,42.8221894415975,14035.035055748769,1000.0,136592.81051619037,137592.81051619037,15077.85724519036,3000.0,False,
burst_job_173,object_detection,122794392523,NORMAL_BURST,completion_time,PLACED,7,12-8-9-10-11-7,42821378.845701784,42.82137884570179,14755.596614344657,1666.6666666666665,137592.81051619037,139259.47718285702,16465.08465985702,3000.0,False,
burst_job_174,llm_inference,123073831776,NORMAL_BURST,completion_time,PLACED,0,12-1-0,12841974.751958873,12.841974751958873,14727.517352391907,3350.0,137814.19110314388,141164.19110314388,18090.359327143873,8000.0,False,
burst_job_175,image_inference,123353271028,NORMAL_BURST,completion_time,PLACED,7,12-8-9-10-11-7,42819008.017266095,42.81900801726609,15863.387146839756,1166.6666666666667,139259.47718285702,140426.14384952368,17072.872821523677,2500.0,False,
burst_job_176,object_detection,123632710280,NORMAL_BURST,completion_time,PLACED,3,12-4-3,15896618.099977044,15.896618099977044,16351.12521493304,1166.6666666666667,139999.732113033,141166.39877969967,17533.688499699667,6000.0,False,
burst_job_177,llm_inference,123912149533,NORMAL_BURST,completion_time,PLACED,3,12-4-3,15897699.44091367,15.89769944091367,17238.351547258746,2708.3333333333335,141166.39877969967,143874.732113033,19962.582580033006,6000.0,False,
burst_job_178,image_inference,124191588785,NORMAL_BURST,completion_time,PLACED,7,12-8-9-10-11-7,42816036.38630622,42.816036386306216,16191.739028137381,1055.5555555555554,140426.14384952368,141481.69940507924,17290.110620079242,2000.0,False,
burst_job_179,object_detection,124471028037,NORMAL_BURST,completion_time,PLACED,0,12-1-0,12838208.755837971,12.838208755837972,16680.32485738804,1550.0,141164.19110314388,142714.19110314388,18243.163066143883,5000.0,False,
burst_job_180,llm_inference,124750467290,NORMAL_BURST,completion_time,PLACED,7,12-8-9-10-11-7,42813945.76248351,42.813945762483506,16688.418169316763,3777.777777777778,141481.69940507924,145259.47718285702,20509.009892857022,12000.0,False,
burst_job_181,image_inference,125029906542,NORMAL_BURST,completion_time,PLACED,0,12-1-0,12836895.88771395,12.83689588771395,17671.44766525617,850.0,142714.19110314388,143564.19110314388,18534.284561143882,1500.0,False,
burst_job_182,object_detection,125309345794,NORMAL_BURST,completion_time,PLACED,0,12-1-0,12836311.114813976,12.836311114813975,18242.008998029065,1450.0,143564.19110314388,145014.19110314388,19704.845309143886,4000.0,False,
burst_job_183,llm_inference,125588785047,NORMAL_BURST,completion_time,PLACED,3,12-4-3,15903891.4330365,15.9038914330365,18270.04317459998,2750.0,143874.732113033,146624.732113033,21035.94706603301,10000.0,False,
burst_job_184,image_inference,125868224299,NORMAL_BURST,completion_time,PLACED,0,12-1-0,12835431.761602921,12.835431761602921,19133.131372382282,1000.0,145014.19110314388,146014.19110314388,20145.966804143885,3000.0,False,
burst_job_185,object_detection,126147663551,NORMAL_BURST,completion_time,PLACED,7,12-8-9-10-11-7,42809522.538785614,42.809522538785615,19069.004109318237,1777.7777777777778,145259.47718285702,147037.2549606348,20889.5914096348,3000.0,False,
burst_job_186,llm_inference,126427102804,NORMAL_BURST,completion_time,PLACED,0,12-1-0,12834544.136281839,12.834544136281838,19574.25375500761,3200.0,146014.19110314388,149214.19110314388,22787.088299143885,8000.0,False,
burst_job_187,image_inference,126706542056,NORMAL_BURST,completion_time,PLACED,3,12-4-3,15909011.709938971,15.909011709938971,19902.281045323063,750.0,146624.732113033,147374.732113033,20668.190057033004,2500.0,False,
burst_job_188,object_detection,126985981308,NORMAL_BURST,completion_time,PLACED,3,12-4-3,15909909.935439864,15.909909935439865,20372.84089509757,1250.0,147374.732113033,148624.732113033,21638.750805033007,6000.0,False,
burst_job_189,llm_inference,127265420561,NORMAL_BURST,completion_time,PLACED,7,12-8-9-10-11-7,42806494.35413082,42.80649435413082,19729.027905280673,3722.222222222222,147037.2549606348,150759.47718285702,23494.056621857017,6000.0,False,
burst_job_190,image_inference,127544859813,NORMAL_BURST,completion_time,PLACED,3,12-4-3,15912658.284694277,15.912658284694277,21063.95964174831,875.0,148624.732113033,149499.732113033,21954.872300033006,2000.0,False,
burst_job_191,object_detection,127824299065,NORMAL_BURST,completion_time,PLACED,0,12-1-0,12833180.297500417,12.833180297500416,21377.05885784638,1400.0,149214.19110314388,150614.19110314388,22789.89203814388,5000.0,False,
burst_job_192,llm_inference,128103738318,NORMAL_BURST,completion_time,PLACED,3,12-4-3,15915509.33607567,15.915509336075669,21380.07828569693,2708.3333333333335,149499.732113033,152208.06544636635,24104.32712836635,12000.0,False,
burst_job_193,image_inference,128383177570,NORMAL_BURST,completion_time,PLACED,0,12-1-0,12832934.66462114,12.83293466462114,22218.18059847926,950.0,150614.19110314388,151564.19110314388,23181.01353314388,1500.0,False,
burst_job_194,object_detection,128662616822,NORMAL_BURST,completion_time,PLACED,7,12-8-9-10-11-7,42803207.67332915,42.803207673329155,22054.05715318369,1722.2222222222222,150759.47718285702,152481.69940507924,23819.082583079246,4000.0,False,
burst_job_195,llm_inference,128942056075,NORMAL_BURST,completion_time,PLACED,0,12-1-0,12832805.394485725,12.832805394485725,22609.302222749393,3400.0,151564.19110314388,154964.19110314388,26022.13502814388,10000.0,False,
burst_job_196,image_inference,129221495327,NORMAL_BURST,completion_time,PLACED,3,12-4-3,15921003.011653088,15.921003011653088,22970.649116354703,708.3333333333334,152208.06544636635,152916.3987796997,23694.9034526997,3000.0,False,
burst_job_197,object_detection,129500934579,NORMAL_BURST,completion_time,PLACED,7,12-8-9-10-11-7,42801435.42195542,42.801435421955425,22937.9633906573,1611.111111111111,152481.69940507924,154092.81051619037,24591.875937190372,3000.0,False,
burst_job_198,llm_inference,129780373832,NORMAL_BURST,completion_time,PLACED,3,12-4-3,15923614.226447469,15.92361422644747,23120.101333473256,2750.0,152916.3987796997,155666.3987796997,25886.024947699698,8000.0,False,
burst_job_199,image_inference,130059813084,NORMAL_BURST,completion_time,PLACED,7,12-8-9-10-11-7,42800565.98000847,42.80056598000847,23990.19686621036,1111.111111111111,154092.81051619037,155203.9216273015,25144.108543301496,2500.0,False,
burst_job_200,object_detection,130339252336,NORMAL_BURST,completion_time,PLACED,0,12-1-0,12833209.816916035,12.833209816916035,24612.105557326955,1600.0,154964.19110314388,156564.19110314388,26224.938767143874,6000.0,False,
burst_job_201,llm_inference,130618691589,NORMAL_BURST,completion_time,PLACED,3,12-4-3,15928490.663430536,15.928490663430535,25031.778700036273,2666.666666666667,155666.3987796997,158333.06544636635,27714.373857366358,6000.0,False,
burst_job_202,image_inference,130898130841,NORMAL_BURST,completion_time,PLACED,7,12-8-9-10-11-7,42799343.69531994,42.79934369531994,24262.99144260616,1000.0,155203.9216273015,156203.9216273015,25305.790786301484,2000.0,False,
burst_job_203,object_detection,131177570093,NORMAL_BURST,completion_time,PLACED,7,12-8-9-10-11-7,42798938.376366384,42.79893837636639,24983.55259592514,1666.6666666666665,156203.9216273015,157870.58829396815,26693.01820096816,5000.0,False,
burst_job_204,llm_inference,131457009346,NORMAL_BURST,completion_time,PLACED,0,12-1-0,12834219.797788266,12.834219797788267,25094.347537346097,3350.0,156564.19110314388,159914.19110314388,28457.181757143873,12000.0,False,
burst_job_205,image_inference,131736448598,NORMAL_BURST,completion_time,PLACED,7,12-8-9-10-11-7,42798214.357018426,42.79821435701842,26091.341481611133,1166.6666666666667,157870.58829396815,159037.2549606348,27300.806362634816,1500.0,False,
burst_job_206,object_detection,132015887850,NORMAL_BURST,completion_time,PLACED,3,12-4-3,15936533.752681307,15.936533752681308,26301.24106261367,1166.6666666666667,158333.06544636635,159499.732113033,27483.84426303301,4000.0,False,
burst_job_207,llm_inference,132295327103,NORMAL_BURST,completion_time,PLACED,3,12-4-3,15937730.558419822,15.937730558419823,27188.4672794746,2708.3333333333335,159499.732113033,162208.06544636635,29912.738343366364,10000.0,False,
burst_job_208,image_inference,132574766355,NORMAL_BURST,completion_time,PLACED,7,12-8-9-10-11-7,42797438.6488737,42.7974386488737,26419.691166985926,1055.5555555555554,159037.2549606348,160092.81051619037,27518.044161190366,3000.0,False,
burst_job_209,object_detection,132854205607,NORMAL_BURST,completion_time,PLACED,0,12-1-0,12836394.9364391,12.8363949364391,27047.14910120744,1550.0,159914.19110314388,161464.19110314388,28609.98549614387,3000.0,False,
burst_job_210,llm_inference,133133644860,NORMAL_BURST,completion_time,PLACED,7,12-8-9-10-11-7,42796985.716806315,42.79698571680631,26916.368670473574,3777.777777777778,160092.81051619037,163870.58829396815,30736.943433968147,8000.0,False,
burst_job_211,image_inference,133413084112,NORMAL_BURST,completion_time,PLACED,0,12-1-0,12837626.734714543,12.837626734714544,28038.26936440915,850.0,161464.19110314388,162314.19110314388,28901.106991143868,2500.0,False,
burst_job_212,object_detection,133692523364,NORMAL_BURST,completion_time,PLACED,3,12-4-3,15946401.380094105,15.946401380094105,28499.59568098627,1208.3333333333335,162208.06544636635,163416.3987796997,29723.875415699702,6000.0,False,
burst_job_213,llm_inference,133971962617,NORMAL_BURST,completion_time,PLACED,0,12-1-0,12838794.670936054,12.838794670936053,28329.389691472927,3300.0,162314.19110314388,165614.19110314388,31642.228486143867,6000.0,False,
burst_job_214,image_inference,134251401869,NORMAL_BURST,completion_time,PLACED,3,12-4-3,15950285.60692267,15.95028560692267,29149.04662509277,833.3333333333334,163416.3987796997,164249.73211303304,29998.330244033044,2000.0,False,
burst_job_215,object_detection,134530841121,NORMAL_BURST,completion_time,PLACED,3,12-4-3,15952266.05126864,15.95226605126864,29702.938725981774,1333.3333333333335,164249.73211303304,165583.06544636638,31052.224325366376,5000.0,False,
burst_job_216,llm_inference,134810280374,NORMAL_BURST,completion_time,PLACED,7,12-8-9-10-11-7,42796347.54165761,42.79634754165761,29017.511572426505,3555.5555555555557,163870.58829396815,167426.1438495237,32615.863475523714,12000.0,False,
burst_job_217,image_inference,135089719626,NORMAL_BURST,completion_time,PLACED,3,12-4-3,15955626.277338324,15.955626277338324,30477.390194089036,750.0,165583.06544636638,166333.06544636638,31243.345820366376,1500.0,False,
burst_job_218,object_detection,135369158879,NORMAL_BURST,completion_time,PLACED,0,12-1-0,12842729.2010643,12.8427292010643,30232.18949494281,1500.0,165614.19110314388,167114.19110314388,31745.032224143884,4000.0,False,
burst_job_219,llm_inference,135648598131,NORMAL_BURST,completion_time,PLACED,3,12-4-3,15959742.310600452,15.959742310600452,30668.507573055773,2791.666666666667,166333.06544636638,169124.73211303304,33476.13398203303,10000.0,False,
burst_job_220,image_inference,135928037383,NORMAL_BURST,completion_time,PLACED,0,12-1-0,12844718.826146973,12.844718826146973,31173.309001317743,1050.0,167114.19110314388,168164.19110314388,32236.15372014389,3000.0,False,
burst_job_221,object_detection,136207476636,NORMAL_BURST,completion_time,PLACED,7,12-8-9-10-11-7,42796527.280702256,42.79652728070226,31175.870686242997,1555.5555555555554,167426.1438495237,168981.69940507927,32774.222769079264,3000.0,False,
burst_job_222,llm_inference,136486915888,NORMAL_BURST,completion_time,PLACED,0,12-1-0,12846511.929165944,12.846511929165944,31664.42870321471,3250.0,168164.19110314388,171414.19110314388,34927.27521514389,8000.0,False,
burst_job_223,image_inference,136766355140,NORMAL_BURST,completion_time,PLACED,3,12-4-3,15967557.864500558,15.967557864500558,32342.409415168542,791.6666666666667,169124.73211303304,169916.3987796997,33150.043639699696,2500.0,False,
burst_job_224,object_detection,137045794393,NORMAL_BURST,completion_time,PLACED,7,12-8-9-10-11-7,42796922.62692525,42.79692262692525,31893.108089452347,1722.2222222222222,168981.69940507927,170703.9216273015,33658.1272343015,6000.0,False,
burst_job_225,llm_inference,137325233645,NORMAL_BURST,completion_time,PLACED,3,12-4-3,15971961.087249788,15.971961087249788,32575.19317361244,2833.3333333333335,169916.3987796997,172749.73211303304,35424.49846803304,6000.0,False,
burst_job_226,image_inference,137604672897,NORMAL_BURST,completion_time,PLACED,7,12-8-9-10-11-7,42797348.29230123,42.79734829230123,33056.45138200917,944.4444444444445,170703.9216273015,171648.36607174593,34043.69317474592,2000.0,False,
burst_job_227,object_detection,137884112150,NORMAL_BURST,completion_time,PLACED,0,12-1-0,12852202.313868806,12.852202313868807,33517.226750830014,1450.0,171414.19110314388,172864.19110314388,34980.07895314388,5000.0,False,
burst_job_228,llm_inference,138163551402,NORMAL_BURST,completion_time,PLACED,7,12-8-9-10-11-7,42797800.01134866,42.797800011348656,33442.016869734565,3666.6666666666665,171648.36607174593,175315.03273841258,37151.48133641257,12000.0,False,
burst_job_229,image_inference,138442990654,NORMAL_BURST,completion_time,PLACED,3,12-4-3,15980296.16900658,15.98029616900658,34290.761162864044,833.3333333333334,172749.73211303304,173583.06544636638,35140.07479236639,1500.0,False,
burst_job_230,object_detection,138722429907,NORMAL_BURST,completion_time,PLACED,0,12-1-0,12856378.61601282,12.856378616012819,34128.90481752786,1600.0,172864.19110314388,174464.19110314388,35741.76119614387,4000.0,False,
burst_job_231,llm_inference,139001869159,NORMAL_BURST,completion_time,PLACED,3,12-4-3,15984979.52607175,15.984979526071749,34565.211307840305,2666.666666666667,173583.06544636638,176249.73211303304,37247.862954033044,10000.0,False,
burst_job_232,image_inference,139281308411,NORMAL_BURST,completion_time,PLACED,0,12-1-0,12858871.258187154,12.858871258187154,35170.02382088569,900.0,174464.19110314388,175364.19110314388,36082.882692143874,3000.0,False,
burst_job_233,object_detection,139560747664,NORMAL_BURST,completion_time,PLACED,0,12-1-0,12860427.654356139,12.860427654356139,35790.583011489536,1500.0,175364.19110314388,176864.19110314388,37303.443439143884,3000.0,False,
burst_job_234,llm_inference,139840186916,NORMAL_BURST,completion_time,PLACED,7,12-8-9-10-11-7,42799919.61403977,42.79991961403977,35432.045902798534,3722.222222222222,175315.03273841258,179037.2549606348,39197.0680446348,8000.0,False,
burst_job_235,image_inference,140119626168,NORMAL_BURST,completion_time,PLACED,3,12-4-3,15993830.118324311,15.993830118324311,36114.11211491472,875.0,176249.73211303304,177124.73211303304,37005.10594503305,2500.0,False,
burst_job_236,object_detection,140399065421,NORMAL_BURST,completion_time,PLACED,0,12-1-0,12864789.859157264,12.864789859157264,36452.260892284714,1400.0,176864.19110314388,178264.19110314388,37865.12568214387,6000.0,False,
burst_job_237,llm_inference,140678504673,NORMAL_BURST,completion_time,PLACED,3,12-4-3,15997962.57501574,15.997962575015741,36430.22947745802,2708.3333333333335,177124.73211303304,179833.06544636638,39154.56077336639,6000.0,False,
burst_job_238,image_inference,140957943925,NORMAL_BURST,completion_time,PLACED,0,12-1-0,12868275.654376635,12.868275654376635,37293.378902489494,950.0,178264.19110314388,179214.19110314388,38256.24717814388,2000.0,False,
burst_job_239,object_detection,141237383178,NORMAL_BURST,completion_time,PLACED,7,12-8-9-10-11-7,42802369.64118926,42.802369641189266,37757.06941299362,1722.2222222222222,179037.2549606348,180759.47718285702,39522.094004857034,5000.0,False,
burst_job_240,llm_inference,141516822430,NORMAL_BURST,completion_time,PLACED,0,12-1-0,12871933.64108056,12.87193364108056,37684.49673950279,3400.0,179214.19110314388,182614.19110314388,41097.36867314388,12000.0,False,
burst_job_241,image_inference,141796261682,NORMAL_BURST,completion_time,PLACED,3,12-4-3,16007297.330334144,16.007297330334143,38020.79646703604,708.3333333333334,179833.06544636638,180541.39877969972,38745.13709769971,1500.0,False,
burst_job_242,object_detection,142075700935,NORMAL_BURST,completion_time,PLACED,3,12-4-3,16009902.426782055,16.009902426782055,38449.687942272954,1208.3333333333335,180541.39877969972,181749.73211303307,39674.03117803307,4000.0,False,
burst_job_243,llm_inference,142355140187,NORMAL_BURST,completion_time,PLACED,7,12-8-9-10-11-7,42804737.030700095,42.804737030700096,38361.53225882631,3666.6666666666665,180759.47718285702,184426.14384952368,42071.00366252367,10000.0,False,
burst_job_244,image_inference,142634579439,NORMAL_BURST,completion_time,PLACED,3,12-4-3,16015179.860893723,16.015179860893724,39099.13749417217,833.3333333333334,181749.73211303307,182583.0654463664,39948.48600736642,3000.0,False,
burst_job_245,object_detection,142914018692,NORMAL_BURST,completion_time,PLACED,3,12-4-3,16017854.827919373,16.017854827919372,39653.028899538476,1333.3333333333335,182583.0654463664,183916.39877969975,41002.38008769974,3000.0,False,
burst_job_246,llm_inference,143193457944,NORMAL_BURST,completion_time,PLACED,0,12-1-0,12882555.497847956,12.882555497847955,39407.850603646046,3200.0,182614.19110314388,185814.19110314388,42620.733159143885,8000.0,False,
burst_job_247,image_inference,143472897196,NORMAL_BURST,completion_time,PLACED,3,12-4-3,16022371.879863903,16.022371879863904,40427.47921181988,750.0,183916.39877969975,184666.39877969975,41193.50158369975,2500.0,False,
burst_job_248,object_detection,143752336449,NORMAL_BURST,completion_time,PLACED,3,12-4-3,16025113.666870475,16.025113666870475,40898.03721703289,1250.0,184666.39877969975,185916.39877969975,42164.06233069976,6000.0,False,
burst_job_249,llm_inference,144031775701,NORMAL_BURST,completion_time,PLACED,7,12-8-9-10-11-7,42809160.38277316,42.80916038277316,40351.558988140896,3722.222222222222,184426.14384952368,188148.3660717459,44116.59037074589,6000.0,False,
burst_job_250,image_inference,144311214953,NORMAL_BURST,completion_time,PLACED,3,12-4-3,16030670.405203672,16.030670405203672,41589.153156294575,875.0,185916.39877969975,186791.39877969975,42480.183826699766,2000.0,False,
burst_job_251,object_detection,144590654206,NORMAL_BURST,completion_time,PLACED,0,12-1-0,12892877.576519923,12.892877576519924,41210.64401956735,1400.0,185814.19110314388,187214.19110314388,42623.53689714387,5000.0,False,
burst_job_252,llm_inference,144870093458,NORMAL_BURST,completion_time,PLACED,3,12-4-3,16035376.60144029,16.03537660144029,41905.26994509832,2708.3333333333335,186791.39877969975,189499.7321130331,44629.63865503311,12000.0,False,
burst_job_253,image_inference,145149532710,NORMAL_BURST,completion_time,PLACED,0,12-1-0,12897590.243799254,12.897590243799254,42051.76080290007,950.0,187214.19110314388,188164.19110314388,43014.65839314388,1500.0,False,
burst_job_254,object_detection,145428971963,NORMAL_BURST,completion_time,PLACED,0,12-1-0,12900012.236568948,12.900012236568948,42722.31912790731,1550.0,188164.19110314388,189714.19110314388,44285.21914014389,4000.0,False,
burst_job_255,llm_inference,145708411215,NORMAL_BURST,completion_time,PLACED,7,12-8-9-10-11-7,42814507.88582796,42.81450788582796,42397.14034886006,3777.777777777778,188148.3660717459,191926.14384952368,46217.73263452368,10000.0,False,
burst_job_256,image_inference,145987850467,NORMAL_BURST,completion_time,PLACED,3,12-4-3,16045967.804031605,16.045967804031605,43495.83567822905,708.3333333333334,189499.7321130331,190208.06544636644,44220.21497936643,3000.0,False,
burst_job_257,object_detection,146267289720,NORMAL_BURST,completion_time,PLACED,0,12-1-0,12906677.884046005,12.906677884046005,43433.99470525983,1450.0,189714.19110314388,191164.19110314388,44896.90138314388,3000.0,False,
burst_job_258,llm_inference,146546728972,NORMAL_BURST,completion_time,PLACED,3,12-4-3,16051881.449028058,16.05188144902806,43645.28459291739,2750.0,190208.06544636644,192958.06544636644,46411.33647436643,8000.0,False,
burst_job_259,image_inference,146826168224,NORMAL_BURST,completion_time,PLACED,0,12-1-0,12911884.999845095,12.911884999845094,44325.11099414405,1000.0,191164.19110314388,192164.19110314388,45338.022879143886,2500.0,False,
burst_job_260,object_detection,147105607477,NORMAL_BURST,completion_time,PLACED,7,12-8-9-10-11-7,42819600.32018538,42.81960032018538,44777.71677220348,1777.7777777777778,191926.14384952368,193703.92162730146,46598.31415030145,6000.0,False,
burst_job_261,llm_inference,147385046729,NORMAL_BURST,completion_time,PLACED,0,12-1-0,12916357.033392025,12.916357033392025,44766.228017110494,3200.0,192164.19110314388,195364.19110314388,47979.144374143885,6000.0,False,
burst_job_262,image_inference,147664485981,NORMAL_BURST,completion_time,PLACED,3,12-4-3,16062975.222734353,16.06297522273435,45277.516490143695,750.0,192958.06544636644,193708.06544636644,46043.579465366434,2000.0,False,
burst_job_263,object_detection,147943925234,NORMAL_BURST,completion_time,PLACED,3,12-4-3,16066053.794797603,16.066053794797604,45748.07415857166,1250.0,193708.06544636644,194958.06544636644,47014.140212366445,5000.0,False,
burst_job_264,llm_inference,148223364486,NORMAL_BURST,completion_time,PLACED,7,12-8-9-10-11-7,42824046.04346274,42.82404604346274,45437.73309525798,3722.222222222222,193703.92162730146,197426.14384952368,49202.779363523674,12000.0,False,
burst_job_265,image_inference,148502803738,NORMAL_BURST,completion_time,PLACED,3,12-4-3,16072292.750367006,16.072292750367005,46439.18941561607,875.0,194958.06544636644,195833.06544636644,47330.26170836645,1500.0,False,
burst_job_266,object_detection,148782242991,NORMAL_BURST,completion_time,PLACED,0,12-1-0,12929501.81237136,12.92950181237136,46569.01861033149,1400.0,195364.19110314388,196764.19110314388,47981.94811214387,4000.0,False,
burst_job_267,llm_inference,149061682243,NORMAL_BURST,completion_time,PLACED,3,12-4-3,16077559.01440197,16.07755901440197,46755.30564435205,2708.3333333333335,195833.06544636644,198541.39877969978,49479.716536699794,10000.0,False,
burst_job_268,image_inference,149341121495,NORMAL_BURST,completion_time,PLACED,0,12-1-0,12935418.78564224,12.93541878564224,47410.13418935824,950.0,196764.19110314388,197714.19110314388,48373.06960814388,3000.0,False,
burst_job_269,object_detection,149620560748,NORMAL_BURST,completion_time,PLACED,7,12-8-9-10-11-7,42830254.20163558,42.830254201635576,47762.75284732206,1722.2222222222222,197426.14384952368,199148.3660717459,49527.80532374591,3000.0,False,
burst_job_270,llm_inference,149900000000,NORMAL_BURST,completion_time,PLACED,0,12-1-0,12941500.182581674,12.941500182581674,47801.249602961296,3400.0,197714.19110314388,201114.19110314388,51214.19110314388,8000.0,False,
burst_job_271,image_inference,150000000000,NORMAL_BURST,completion_time,PLACED,3,12-4-3,16088296.122305999,16.088296122305998,48525.31048357749,708.3333333333334,198541.39877969978,199249.73211303313,49249.732113033126,2500.0,False,
burst_job_272,object_detection,151720689655,NORMAL_BURST,completion_time,PLACED,3,12-0-3,14287110.3222796,14.2871103222796,47514.75534771086,1208.3333333333335,199249.73211303313,200458.06544636647,48737.375791366474,6000.0,False,
burst_job_273,llm_inference,153441379310,NORMAL_BURST,completion_time,PLACED,7,12-8-9-10-11-7,42850208.49209096,42.850208492090964,45664.13655325383,3666.6666666666665,199148.3660717459,202815.03273841256,49373.65342841257,6000.0,False,
burst_job_274,image_inference,155162068966,NORMAL_BURST,completion_time,PLACED,3,12-0-3,14165317.344525237,14.165317344525237,45281.83116302194,833.3333333333334,200458.06544636647,201291.3987796998,46129.32981369982,2000.0,False,
burst_job_275,object_detection,156882758621,NORMAL_BURST,completion_time,PLACED,3,12-0-3,14104678.735020388,14.104678735020387,44394.535479964805,1333.3333333333335,201291.3987796998,202624.73211303315,45741.97349203317,5000.0,False,
burst_job_276,llm_inference,158603448276,NORMAL_BURST,completion_time,PLACED,0,12-0,8068669.45932309,8.06866945932309,42502.67415768455,3200.0,201114.19110314388,204314.19110314388,45710.74282714387,12000.0,False,
burst_job_277,image_inference,160324137931,NORMAL_BURST,completion_time,PLACED,3,12-0-3,13980413.324026922,13.980413324026921,42286.613768709125,750.0,202624.73211303315,203374.73211303315,43050.59418203315,1500.0,False,
burst_job_278,object_detection,162044827586,NORMAL_BURST,completion_time,PLACED,7,12-8-9-10-11-7,42911837.044623636,42.91183704462364,40727.29331536792,1666.6666666666665,202815.03273841256,204481.6994050792,42436.87181907921,4000.0,False,
burst_job_279,llm_inference,163765517241,NORMAL_BURST,completion_time,PLACED,3,12-0-3,13860471.317371447,13.860471317371447,39595.35440071579,2791.666666666667,203374.73211303315,206166.3987796998,42400.88153869982,10000.0,False,
burst_job_280,image_inference,165486206897,NORMAL_BURST,completion_time,PLACED,0,12-0,7804515.882784483,7.804515882784483,38820.17969026111,1050.0,204314.19110314388,205364.19110314388,39877.98420614388,3000.0,False,
burst_job_281,object_detection,167206896552,NORMAL_BURST,completion_time,PLACED,7,12-8-9-10-11-7,42959914.202084795,42.959914202084796,37231.84293887715,1555.5555555555554,204481.6994050792,206037.25496063477,38830.358408634784,3000.0,False,
burst_job_282,llm_inference,168927586207,NORMAL_BURST,completion_time,PLACED,0,12-0,7669946.119858692,7.669946119858692,36428.934950024035,3250.0,205364.19110314388,208614.19110314388,39686.604896143894,8000.0,False,
burst_job_283,image_inference,170648275862,NORMAL_BURST,completion_time,PLACED,3,12-0-3,13619585.69704211,13.61958569704211,35504.50333200276,791.6666666666667,206166.3987796998,206958.06544636647,36309.78958436646,2500.0,False,
burst_job_284,object_detection,172368965517,NORMAL_BURST,completion_time,PLACED,7,12-8-9-10-11-7,43014739.202295355,43.01473920229535,33625.274704432464,1722.2222222222222,206037.25496063477,207759.477182857,35390.51166585699,6000.0,False,
burst_job_285,llm_inference,174089655172,NORMAL_BURST,completion_time,PLACED,3,12-0-3,13502235.55937929,13.50223555937929,32854.9080388071,2833.3333333333335,206958.06544636647,209791.3987796998,35701.74360769981,6000.0,False,
burst_job_286,image_inference,175810344828,NORMAL_BURST,completion_time,PLACED,7,12-8-9-10-11-7,43056642.236374766,43.05664223637476,31906.07571262063,944.4444444444445,207759.477182857,208703.92162730143,32893.57679930143,2000.0,False,
burst_job_287,object_detection,177531034483,NORMAL_BURST,completion_time,PLACED,0,12-0,7343717.099113948,7.343717099113948,31075.812903044774,1450.0,208614.19110314388,210064.19110314388,32533.156620143884,5000.0,False,
burst_job_288,llm_inference,179251724138,NORMAL_BURST,completion_time,PLACED,7,12-8-9-10-11-7,43100600.65942624,43.10060065942624,29409.096888642,3666.6666666666665,208703.92162730143,212370.5882939681,33118.8641559681,12000.0,False,
burst_job_289,image_inference,180972413793,NORMAL_BURST,completion_time,PLACED,3,12-0-3,13267089.823423028,13.267089823423028,28805.717896876362,833.3333333333334,209791.3987796998,210624.73211303315,29652.31832003314,1500.0,False,
burst_job_290,object_detection,182693103448,NORMAL_BURST,completion_time,PLACED,0,12-0,7153509.679019343,7.1535096790193435,27363.934145464853,1600.0,210064.19110314388,211664.19110314388,28971.08765514387,4000.0,False,
burst_job_291,llm_inference,184413793103,NORMAL_BURST,completion_time,PLACED,3,12-0-3,13149474.526484516,13.149474526484516,26197.789535506658,2666.666666666667,210624.73211303315,213291.3987796998,28877.605676699808,10000.0,False,
burst_job_292,image_inference,186134482759,NORMAL_BURST,completion_time,PLACED,0,12-0,7024508.768662886,7.024508768662886,25522.68383537521,900.0,211664.19110314388,212564.19110314388,26429.708344143874,3000.0,False,
burst_job_293,object_detection,187855172414,NORMAL_BURST,completion_time,PLACED,7,12-8-9-10-11-7,43225608.39173042,43.22560839173042,24472.19027157637,1666.6666666666665,212370.5882939681,214037.25496063475,26182.082546634745,3000.0,False,
burst_job_294,llm_inference,189575862069,NORMAL_BURST,completion_time,PLACED,0,12-0,6900467.122491787,6.900467122491787,22981.428567021387,3350.0,212564.19110314388,215914.19110314388,26338.329034143884,8000.0,False,
burst_job_295,image_inference,191296551724,NORMAL_BURST,completion_time,PLACED,3,12-3,8265312.998634542,8.265312998634542,21986.58174270118,875.0,213291.3987796998,214166.3987796998,22869.84705569982,2500.0,False,
burst_job_296,object_detection,193017241379,NORMAL_BURST,completion_time,PLACED,3,12-3,8220395.257575159,8.22039525757516,21140.937005442218,1166.6666666666667,214166.3987796998,215333.06544636647,22315.824067366455,6000.0,False,
burst_job_297,llm_inference,194737931034,NORMAL_BURST,completion_time,PLACED,7,12-8-9-10-11-7,43339584.7091506,43.3395847091506,19255.984341925592,3611.111111111111,214037.25496063475,217648.36607174587,22910.43503774586,6000.0,False,
burst_job_298,image_inference,196458620690,NORMAL_BURST,completion_time,PLACED,3,12-3,8137135.157682986,8.137135157682986,18866.307621208776,791.6666666666667,215333.06544636647,216124.73211303313,19666.111423033115,2000.0,False,
burst_job_299,object_detection,198179310345,NORMAL_BURST,completion_time,PLACED,3,12-3,8096298.5733283525,8.096298573328353,17937.325469459785,1291.6666666666667,216124.73211303313,217416.39877969978,19237.088434699777,5000.0,False,
burst_job_300,llm_inference,199900000000,NORMAL_BURST,completion_time,PLACED,0,12-0,6529605.974944172,6.529605974944173,16007.661497168941,3400.0,215914.19110314388,219314.19110314388,19414.19110314388,12000.0,False,
