run_id,scenario,policy,workload,seed,jobs_total,jobs_placed,jobs_unplaced,placement_success_ratio,deadline_met_ratio,average_queue_wait_seconds,p50_queue_wait_seconds,p95_queue_wait_seconds,maximum_queue_wait_seconds,average_total_time_seconds,p50_total_time_seconds,p95_total_time_seconds,failed_links,unavailable_nodes,node_load_mean,node_load_stddev,node_load_imbalance_ratio,run_duration_seconds,status,error
b6a36f81a77973c2,normal,compute_only,burst,0,300,300,0,1.0,0.14,22.469906266497855,22.071783214073132,47.84936468771246,54.098459803275325,24.365744490126502,23.89510845132575,50.673536897143876,0,0,100.0,9.273618495495704,0.09273618495495704,0.31912484999998014,success,
fe98cd38850b8d5d,normal,compute_only,burst,1,300,300,0,1.0,0.14,22.469906266497855,22.071783214073132,47.84936468771246,54.098459803275325,24.365744490126502,23.89510845132575,50.673536897143876,0,0,100.0,9.273618495495704,0.09273618495495704,0.29735119899987694,success,
c20214c59dbd22ad,normal,compute_only,burst,2,300,300,0,1.0,0.14,22.469906266497855,22.071783214073132,47.84936468771246,54.098459803275325,24.365744490126502,23.89510845132575,50.673536897143876,0,0,100.0,9.273618495495704,0.09273618495495704,0.2958631379999588,success,
83121ef7590ddf92,normal,compute_only,burst,3,300,300,0,1.0,0.14,22.469906266497855,22.071783214073132,47.84936468771246,54.098459803275325,24.365744490126502,23.89510845132575,50.673536897143876,0,0,100.0,9.273618495495704,0.09273618495495704,0.30325564100007796,success,
cc6bfebf9651de7a,normal,compute_only,burst,4,300,300,0,1.0,0.14,22.469906266497855,22.071783214073132,47.84936468771246,54.098459803275325,24.365744490126502,23.89510845132575,50.673536897143876,0,0,100.0,9.273618495495704,0.09273618495495704,0.3032464610000716,success,
c1133300f1df5fff,normal,compute_only,burst,5,300,300,0,1.0,0.14,22.469906266497855,22.071783214073132,47.84936468771246,54.098459803275325,24.365744490126502,23.89510845132575,50.673536897143876,0,0,100.0,9.273618495495704,0.09273618495495704,0.3372212329998092,success,
935ecbe417a25337,normal,compute_only,burst,6,300,300,0,1.0,0.14,22.469906266497855,22.071783214073132,47.84936468771246,54.098459803275325,24.365744490126502,23.89510845132575,50.673536897143876,0,0,100.0,9.273618495495704,0.09273618495495704,0.3194801380000172,success,
23d9ce708fd6b4bb,normal,compute_only,burst,7,300,300,0,1.0,0.14,22.469906266497855,22.071783214073132,47.84936468771246,54.098459803275325,24.365744490126502,23.89510845132575,50.673536897143876,0,0,100.0,9.273618495495704,0.09273618495495704,0.3007553429999916,success,
5d4341b10e3c8f05,normal,compute_only,burst,8,300,300,0,1.0,0.14,22.469906266497855,22.071783214073132,47.84936468771246,54.098459803275325,24.365744490126502,23.89510845132575,50.673536897143876,0,0,100.0,9.273618495495704,0.09273618495495704,0.291004724000004,success,
141fc64390f7b862,normal,compute_only,burst,9,300,300,0,1.0,0.14,22.469906266497855,22.071783214073132,47.84936468771246,54.098459803275325,24.365744490126502,23.89510845132575,50.673536897143876,0,0,100.0,9.273618495495704,0.09273618495495704,0.2970222430001286,success,
bea6de6430f02937,normal,compute_only,burst,10,300,300,0,1.0,0.14,22.469906266497855,22.071783214073132,47.84936468771246,54.098459803275325,24.365744490126502,23.89510845132575,50.673536897143876,0,0,100.0,9.273618495495704,0.09273618495495704,0.2975305400000252,success,
9f1e086d119ebd32,normal,compute_only,burst,11,300,300,0,1.0,0.14,22.469906266497855,22.071783214073132,47.84936468771246,54.098459803275325,24.365744490126502,23.89510845132575,50.673536897143876,0,0,100.0,9.273618495495704,0.09273618495495704,0.2938226069998109,success,
5c24acb672dbbb02,normal,compute_only,burst,12,300,300,0,1.0,0.14,22.469906266497855,22.071783214073132,47.84936468771246,54.098459803275325,24.365744490126502,23.89510845132575,50.673536897143876,0,0,100.0,9.273618495495704,0.09273618495495704,0.29385510999986764,success,
1ed8b75c0a591494,normal,compute_only,burst,13,300,300,0,1.0,0.14,22.469906266497855,22.071783214073132,47.84936468771246,54.098459803275325,24.365744490126502,23.89510845132575,50.673536897143876,0,0,100.0,9.273618495495704,0.09273618495495704,0.30152281200003017,success,
7f5d90144ea9bd24,normal,compute_only,burst,14,300,300,0,1.0,0.14,22.469906266497855,22.071783214073132,47.84936468771246,54.098459803275325,24.365744490126502,23.89510845132575,50.673536897143876,0,0,100.0,9.273618495495704,0.09273618495495704,0.3121276740000667,success,
ac05cbd56565473d,normal,compute_only,burst,15,300,300,0,1.0,0.14,22.469906266497855,22.071783214073132,47.84936468771246,54.098459803275325,24.365744490126502,23.89510845132575,50.673536897143876,0,0,100.0,9.273618495495704,0.09273618495495704,0.32549998199988295,success,
f35ccebc4c312259,normal,compute_only,burst,16,300,300,0,1.0,0.14,22.469906266497855,22.071783214073132,47.84936468771246,54.098459803275325,24.365744490126502,23.89510845132575,50.673536897143876,0,0,100.0,9.273618495495704,0.09273618495495704,0.2920578150001347,success,
cae95f6e126a8ab6,normal,compute_only,burst,17,300,300,0,1.0,0.14,22.469906266497855,22.071783214073132,47.84936468771246,54.098459803275325,24.365744490126502,23.89510845132575,50.673536897143876,0,0,100.0,9.273618495495704,0.09273618495495704,0.2976265099998727,success,
50c7102742474373,normal,compute_only,burst,18,300,300,0,1.0,0.14,22.469906266497855,22.071783214073132,47.84936468771246,54.098459803275325,24.365744490126502,23.89510845132575,50.673536897143876,0,0,100.0,9.273618495495704,0.09273618495495704,0.2983702170001834,success,
e55e24c41fdffe93,normal,compute_only,burst,19,300,300,0,1.0,0.14,22.469906266497855,22.071783214073132,47.84936468771246,54.098459803275325,24.365744490126502,23.89510845132575,50.673536897143876,0,0,100.0,9.273618495495704,0.09273618495495704,0.3000097240001196,success,
5a3553e722465e41,normal,network_only,burst,0,300,300,0,1.0,0.05,186.84788961512868,186.657218725989,370.4481569111311,373.7918874967391,188.77745481812502,188.68976977567146,372.44681625167146,0,2,100.0,141.4213562373095,1.4142135623730951,0.2959334399999989,success,
faa1bcd6adf9ad4c,normal,network_only,burst,1,300,300,0,1.0,0.05,186.84788961512868,186.657218725989,370.4481569111311,373.7918874967391,188.77745481812502,188.68976977567146,372.44681625167146,0,2,100.0,141.4213562373095,1.4142135623730951,0.3024607620000097,success,
c891033a8318ba7d,normal,network_only,burst,2,300,300,0,1.0,0.05,186.84788961512868,186.657218725989,370.4481569111311,373.7918874967391,188.77745481812502,188.68976977567146,372.44681625167146,0,2,100.0,141.4213562373095,1.4142135623730951,0.2949165680001897,success,
88150703a5ade050,normal,network_only,burst,3,300,300,0,1.0,0.05,186.84788961512868,186.657218725989,370.4481569111311,373.7918874967391,188.77745481812502,188.68976977567146,372.44681625167146,0,2,100.0,141.4213562373095,1.4142135623730951,0.3032236159999684,success,
c462e605708839e8,normal,network_only,burst,4,300,300,0,1.0,0.05,186.84788961512868,186.657218725989,370.4481569111311,373.7918874967391,188.77745481812502,188.68976977567146,372.44681625167146,0,2,100.0,141.4213562373095,1.4142135623730951,0.2977959100001044,success,
57b8b6756f63366b,normal,network_only,burst,5,300,300,0,1.0,0.05,186.84788961512868,186.657218725989,370.4481569111311,373.7918874967391,188.77745481812502,188.68976977567146,372.44681625167146,0,2,100.0,141.4213562373095,1.4142135623730951,0.3010577120001017,success,
3406c3e024097fd8,normal,network_only,burst,6,300,300,0,1.0,0.05,186.84788961512868,186.657218725989,370.4481569111311,373.7918874967391,188.77745481812502,188.68976977567146,372.44681625167146,0,2,100.0,141.4213562373095,1.4142135623730951,0.2999473729998954,success,
6fc5f844d4f39031,normal,network_only,burst,7,300,300,0,1.0,0.05,186.84788961512868,186.657218725989,370.4481569111311,373.7918874967391,188.77745481812502,188.68976977567146,372.44681625167146,0,2,100.0,141.4213562373095,1.4142135623730951,0.3024963640000351,success,
b5997ec85e202b91,normal,network_only,burst,8,300,300,0,1.0,0.05,186.84788961512868,186.657218725989,370.4481569111311,373.7918874967391,188.77745481812502,188.68976977567146,372.44681625167146,0,2,100.0,141.4213562373095,1.4142135623730951,0.2955407169999944,success,
b5787548237b2d60,normal,network_only,burst,9,300,300,0,1.0,0.05,186.84788961512868,186.657218725989,370.4481569111311,373.7918874967391,188.77745481812502,188.68976977567146,372.44681625167146,0,2,100.0,141.4213562373095,1.4142135623730951,0.29764285400005974,success,
cbedd5bf90d7d0a2,normal,network_only,burst,10,300,300,0,1.0,0.05,186.84788961512868,186.657218725989,370.4481569111311,373.7918874967391,188.77745481812502,188.68976977567146,372.44681625167146,0,2,100.0,141.4213562373095,1.4142135623730951,0.31206077100000584,success,
c614e827c4f3fe80,normal,network_only,burst,11,300,300,0,1.0,0.05,186.84788961512868,186.657218725989,370.4481569111311,373.7918874967391,188.77745481812502,188.68976977567146,372.44681625167146,0,2,100.0,141.4213562373095,1.4142135623730951,0.3105988190000062,success,
96bde88f96c28fe0,normal,network_only,burst,12,300,300,0,1.0,0.05,186.84788961512868,186.657218725989,370.4481569111311,373.7918874967391,188.77745481812502,188.68976977567146,372.44681625167146,0,2,100.0,141.4213562373095,1.4142135623730951,0.30294287300012,success,
961f2b40fe1d3d00,normal,network_only,burst,13,300,300,0,1.0,0.05,186.84788961512868,186.657218725989,370.4481569111311,373.7918874967391,188.77745481812502,188.68976977567146,372.44681625167146,0,2,100.0,141.4213562373095,1.4142135623730951,0.30875108800000817,success,
85b9de76a7d683f5,normal,network_only,burst,14,300,300,0,1.0,0.05,186.84788961512868,186.657218725989,370.4481569111311,373.7918874967391,188.77745481812502,188.68976977567146,372.44681625167146,0,2,100.0,141.4213562373095,1.4142135623730951,0.3012367680000807,success,
3402b28c8a8c357a,normal,network_only,burst,15,300,300,0,1.0,0.05,186.84788961512868,186.657218725989,370.4481569111311,373.7918874967391,188.77745481812502,188.68976977567146,372.44681625167146,0,2,100.0,141.4213562373095,1.4142135623730951,0.3058862920001957,success,
9e8b0e5abd264494,normal,network_only,burst,16,300,300,0,1.0,0.05,186.84788961512868,186.657218725989,370.4481569111311,373.7918874967391,188.77745481812502,188.68976977567146,372.44681625167146,0,2,100.0,141.4213562373095,1.4142135623730951,0.3729796630000237,success,
d6c2527b0ccf93b6,normal,network_only,burst,17,300,300,0,1.0,0.05,186.84788961512868,186.657218725989,370.4481569111311,373.7918874967391,188.77745481812502,188.68976977567146,372.44681625167146,0,2,100.0,141.4213562373095,1.4142135623730951,0.3243018910000046,success,
57107d9eb2e8fe45,normal,network_only,burst,18,300,300,0,1.0,0.05,186.84788961512868,186.657218725989,370.4481569111311,373.7918874967391,188.77745481812502,188.68976977567146,372.44681625167146,0,2,100.0,141.4213562373095,1.4142135623730951,0.3039745739999944,success,
57cb9ba04c734e59,normal,network_only,burst,19,300,300,0,1.0,0.05,186.84788961512868,186.657218725989,370.4481569111311,373.7918874967391,188.77745481812502,188.68976977567146,372.44681625167146,0,2,100.0,141.4213562373095,1.4142135623730951,0.3008434829998805,success,
374e9495013b79aa,normal,compute_aware,burst,0,300,300,0,1.0,0.11666666666666667,54.645296987974824,54.436113848969256,133.7101372081369,140.30831331377007,56.429826720824394,57.368933359588205,134.67307262692253,0,1,100.0,70.94129028053173,0.7094129028053173,0.3032617119999941,success,
19c05d56d8579efa,normal,compute_aware,burst,1,300,300,0,1.0,0.11666666666666667,54.645296987974824,54.436113848969256,133.7101372081369,140.30831331377007,56.429826720824394,57.368933359588205,134.67307262692253,0,1,100.0,70.94129028053173,0.7094129028053173,0.3090253909999774,success,
73361c40aa31daf7,normal,compute_aware,burst,2,300,300,0,1.0,0.11666666666666667,54.645296987974824,54.436113848969256,133.7101372081369,140.30831331377007,56.429826720824394,57.368933359588205,134.67307262692253,0,1,100.0,70.94129028053173,0.7094129028053173,0.32786706000001686,success,
ebcff705419c21ff,normal,compute_aware,burst,3,300,300,0,1.0,0.11666666666666667,54.645296987974824,54.436113848969256,133.7101372081369,140.30831331377007,56.429826720824394,57.368933359588205,134.67307262692253,0,1,100.0,70.94129028053173,0.7094129028053173,0.3033546200001638,success,
6f64bcf7f615b2b5,normal,compute_aware,burst,4,300,300,0,1.0,0.11666666666666667,54.645296987974824,54.436113848969256,133.7101372081369,140.30831331377007,56.429826720824394,57.368933359588205,134.67307262692253,0,1,100.0,70.94129028053173,0.7094129028053173,0.32320410600004834,success,
3bf395e9dd0e0f8c,normal,compute_aware,burst,5,300,300,0,1.0,0.11666666666666667,54.645296987974824,54.436113848969256,133.7101372081369,140.30831331377007,56.429826720824394,57.368933359588205,134.67307262692253,0,1,100.0,70.94129028053173,0.7094129028053173,0.30954544099995474,success,
fc89ea3eb9c0294f,normal,compute_aware,burst,6,300,300,0,1.0,0.11666666666666667,54.645296987974824,54.436113848969256,133.7101372081369,140.30831331377007,56.429826720824394,57.368933359588205,134.67307262692253,0,1,100.0,70.94129028053173,0.7094129028053173,0.32546185199998945,success,
4e259648f36e891b,normal,compute_aware,burst,7,300,300,0,1.0,0.11666666666666667,54.645296987974824,54.436113848969256,133.7101372081369,140.30831331377007,56.429826720824394,57.368933359588205,134.67307262692253,0,1,100.0,70.94129028053173,0.7094129028053173,0.3166383610000594,success,
a1b5e87868161976,normal,compute_aware,burst,8,300,300,0,1.0,0.11666666666666667,54.645296987974824,54.436113848969256,133.7101372081369,140.30831331377007,56.429826720824394,57.368933359588205,134.67307262692253,0,1,100.0,70.94129028053173,0.7094129028053173,0.2937920540000505,success,
f0f7b62248a7bb77,normal,compute_aware,burst,9,300,300,0,1.0,0.11666666666666667,54.645296987974824,54.436113848969256,133.7101372081369,140.30831331377007,56.429826720824394,57.368933359588205,134.67307262692253,0,1,100.0,70.94129028053173,0.7094129028053173,0.2975996440000017,success,
167e69e89600f99f,normal,compute_aware,burst,10,300,300,0,1.0,0.11666666666666667,54.645296987974824,54.436113848969256,133.7101372081369,140.30831331377007,56.429826720824394,57.368933359588205,134.67307262692253,0,1,100.0,70.94129028053173,0.7094129028053173,0.30645776000005753,success,
bd660f99fd21ba5b,normal,compute_aware,burst,11,300,300,0,1.0,0.11666666666666667,54.645296987974824,54.436113848969256,133.7101372081369,140.30831331377007,56.429826720824394,57.368933359588205,134.67307262692253,0,1,100.0,70.94129028053173,0.7094129028053173,0.30777644499994494,success,
5295158bc599b6e8,normal,compute_aware,burst,12,300,300,0,1.0,0.11666666666666667,54.645296987974824,54.436113848969256,133.7101372081369,140.30831331377007,56.429826720824394,57.368933359588205,134.67307262692253,0,1,100.0,70.94129028053173,0.7094129028053173,0.29656474400007937,success,
1c1b6782b9c73e90,normal,compute_aware,burst,13,300,300,0,1.0,0.11666666666666667,54.645296987974824,54.436113848969256,133.7101372081369,140.30831331377007,56.429826720824394,57.368933359588205,134.67307262692253,0,1,100.0,70.94129028053173,0.7094129028053173,0.29356664299984914,success,
341a33b546c59118,normal,compute_aware,burst,14,300,300,0,1.0,0.11666666666666667,54.645296987974824,54.436113848969256,133.7101372081369,140.30831331377007,56.429826720824394,57.368933359588205,134.67307262692253,0,1,100.0,70.94129028053173,0.7094129028053173,0.29563219300007404,success,
af8be350dd256103,normal,compute_aware,burst,15,300,300,0,1.0,0.11666666666666667,54.645296987974824,54.436113848969256,133.7101372081369,140.30831331377007,56.429826720824394,57.368933359588205,134.67307262692253,0,1,100.0,70.94129028053173,0.7094129028053173,0.2959689189999608,success,
9821116c153ef632,normal,compute_aware,burst,16,300,300,0,1.0,0.11666666666666667,54.645296987974824,54.436113848969256,133.7101372081369,140.30831331377007,56.429826720824394,57.368933359588205,134.67307262692253,0,1,100.0,70.94129028053173,0.7094129028053173,0.2970893439999145,success,
1f24d32c8363b954,normal,compute_aware,burst,17,300,300,0,1.0,0.11666666666666667,54.645296987974824,54.436113848969256,133.7101372081369,140.30831331377007,56.429826720824394,57.368933359588205,134.67307262692253,0,1,100.0,70.94129028053173,0.7094129028053173,0.307661810999889,success,
e5ab24a25bbabf2e,normal,compute_aware,burst,18,300,300,0,1.0,0.11666666666666667,54.645296987974824,54.436113848969256,133.7101372081369,140.30831331377007,56.429826720824394,57.368933359588205,134.67307262692253,0,1,100.0,70.94129028053173,0.7094129028053173,0.2950455810000676,success,
3cfb386532ed03dd,normal,compute_aware,burst,19,300,300,0,1.0,0.11666666666666667,54.645296987974824,54.436113848969256,133.7101372081369,140.30831331377007,56.429826720824394,57.368933359588205,134.67307262692253,0,1,100.0,70.94129028053173,0.7094129028053173,0.29734112100004495,success,
820b114f3571f9f1,normal,completion_time,burst,0,300,300,0,1.0,0.13333333333333333,22.4237941851374,22.948660313033063,44.3945354799648,48.525310483577485,24.280593675579322,24.754442257699672,46.12932981369982,0,0,100.0,20.016659728003237,0.20016659728003236,0.29406963800011,success,
e69470cb6c1f24b9,normal,completion_time,burst,1,300,300,0,1.0,0.13333333333333333,22.4237941851374,22.948660313033063,44.3945354799648,48.525310483577485,24.280593675579322,24.754442257699672,46.12932981369982,0,0,100.0,20.016659728003237,0.20016659728003236,0.30421656199996505,success,
0d82d3948111ff05,normal,completion_time,burst,2,300,300,0,1.0,0.13333333333333333,22.4237941851374,22.948660313033063,44.3945354799648,48.525310483577485,24.280593675579322,24.754442257699672,46.12932981369982,0,0,100.0,20.016659728003237,0.20016659728003236,0.2947465940001166,success,
71ff62c81848ac93,normal,completion_time,burst,3,300,300,0,1.0,0.13333333333333333,22.4237941851374,22.948660313033063,44.3945354799648,48.525310483577485,24.280593675579322,24.754442257699672,46.12932981369982,0,0,100.0,20.016659728003237,0.20016659728003236,0.3779149110000617,success,
47a0b9db709b5fe7,normal,completion_time,burst,4,300,300,0,1.0,0.13333333333333333,22.4237941851374,22.948660313033063,44.3945354799648,48.525310483577485,24.280593675579322,24.754442257699672,46.12932981369982,0,0,100.0,20.016659728003237,0.20016659728003236,0.2903223690000232,success,
b504692adb8d786a,normal,completion_time,burst,5,300,300,0,1.0,0.13333333333333333,22.4237941851374,22.948660313033063,44.3945354799648,48.525310483577485,24.280593675579322,24.754442257699672,46.12932981369982,0,0,100.0,20.016659728003237,0.20016659728003236,0.2901165870000568,success,
5b4655557ee5ad1e,normal,completion_time,burst,6,300,300,0,1.0,0.13333333333333333,22.4237941851374,22.948660313033063,44.3945354799648,48.525310483577485,24.280593675579322,24.754442257699672,46.12932981369982,0,0,100.0,20.016659728003237,0.20016659728003236,0.2936595369999395,success,
af99bf3a5b31e423,normal,completion_time,burst,7,300,300,0,1.0,0.13333333333333333,22.4237941851374,22.948660313033063,44.3945354799648,48.525310483577485,24.280593675579322,24.754442257699672,46.12932981369982,0,0,100.0,20.016659728003237,0.20016659728003236,0.2995811460000368,success,
56023bf954b5184b,normal,completion_time,burst,8,300,300,0,1.0,0.13333333333333333,22.4237941851374,22.948660313033063,44.3945354799648,48.525310483577485,24.280593675579322,24.754442257699672,46.12932981369982,0,0,100.0,20.016659728003237,0.20016659728003236,0.3117616380000072,success,
dcd529191ab7e874,normal,completion_time,burst,9,300,300,0,1.0,0.13333333333333333,22.4237941851374,22.948660313033063,44.3945354799648,48.525310483577485,24.280593675579322,24.754442257699672,46.12932981369982,0,0,100.0,20.016659728003237,0.20016659728003236,0.3064640679999684,success,
690db1926cf3c696,normal,completion_time,burst,10,300,300,0,1.0,0.13333333333333333,22.4237941851374,22.948660313033063,44.3945354799648,48.525310483577485,24.280593675579322,24.754442257699672,46.12932981369982,0,0,100.0,20.016659728003237,0.20016659728003236,0.4270416019999175,success,
32e10650b17aa8a9,normal,completion_time,burst,11,300,300,0,1.0,0.13333333333333333,22.4237941851374,22.948660313033063,44.3945354799648,48.525310483577485,24.280593675579322,24.754442257699672,46.12932981369982,0,0,100.0,20.016659728003237,0.20016659728003236,0.29191608800010727,success,
cd23af174ecbe29d,normal,completion_time,burst,12,300,300,0,1.0,0.13333333333333333,22.4237941851374,22.948660313033063,44.3945354799648,48.525310483577485,24.280593675579322,24.754442257699672,46.12932981369982,0,0,100.0,20.016659728003237,0.20016659728003236,0.33088319000012234,success,
da0a7eaefbe5a733,normal,completion_time,burst,13,300,300,0,1.0,0.13333333333333333,22.4237941851374,22.948660313033063,44.3945354799648,48.525310483577485,24.280593675579322,24.754442257699672,46.12932981369982,0,0,100.0,20.016659728003237,0.20016659728003236,0.29630082800008495,success,
446d285aa40818a4,normal,completion_time,burst,14,300,300,0,1.0,0.13333333333333333,22.4237941851374,22.948660313033063,44.3945354799648,48.525310483577485,24.280593675579322,24.754442257699672,46.12932981369982,0,0,100.0,20.016659728003237,0.20016659728003236,0.29019072599999163,success,
68c061670f3263ef,normal,completion_time,burst,15,300,300,0,1.0,0.13333333333333333,22.4237941851374,22.948660313033063,44.3945354799648,48.525310483577485,24.280593675579322,24.754442257699672,46.12932981369982,0,0,100.0,20.016659728003237,0.20016659728003236,0.2952127799999289,success,
81f5cfbfa0f4af74,normal,completion_time,burst,16,300,300,0,1.0,0.13333333333333333,22.4237941851374,22.948660313033063,44.3945354799648,48.525310483577485,24.280593675579322,24.754442257699672,46.12932981369982,0,0,100.0,20.016659728003237,0.20016659728003236,0.2914953049998985,success,
3f061acb1573e4f7,normal,completion_time,burst,17,300,300,0,1.0,0.13333333333333333,22.4237941851374,22.948660313033063,44.3945354799648,48.525310483577485,24.280593675579322,24.754442257699672,46.12932981369982,0,0,100.0,20.016659728003237,0.20016659728003236,0.2898849319999499,success,
63b62af7878417ad,normal,completion_time,burst,18,300,300,0,1.0,0.13333333333333333,22.4237941851374,22.948660313033063,44.3945354799648,48.525310483577485,24.280593675579322,24.754442257699672,46.12932981369982,0,0,100.0,20.016659728003237,0.20016659728003236,0.29853085600007034,success,
915365a9ded341ad,normal,completion_time,burst,19,300,300,0,1.0,0.13333333333333333,22.4237941851374,22.948660313033063,44.3945354799648,48.525310483577485,24.280593675579322,24.754442257699672,46.12932981369982,0,0,100.0,20.016659728003237,0.20016659728003236,0.3101633659998697,success,
8adb4d344c7d8e11,single,compute_only,burst,0,300,300,0,1.0,0.12,22.540602091015156,22.071783214073132,47.84936468771246,54.09712923914011,24.440380239335425,23.89510845132575,50.68128644313739,1,0,100.0,6.97614984548545,0.0697614984548545,0.29099105299997063,success,
fca3a911c9a463d9,single,compute_only,burst,1,300,300,0,1.0,0.12,22.540602091015156,22.071783214073132,47.84936468771246,54.09712923914011,24.440380239335425,23.89510845132575,50.68128644313739,1,0,100.0,6.97614984548545,0.0697614984548545,0.2932039410000016,success,
18e610ad98655e79,single,compute_only,burst,2,300,300,0,1.0,0.12,22.540602091015156,22.071783214073132,47.84936468771246,54.09712923914011,24.440380239335425,23.89510845132575,50.68128644313739,1,0,100.0,6.97614984548545,0.0697614984548545,0.28802256000017223,success,
2da08ca28f37e125,single,compute_only,burst,3,300,300,0,1.0,0.12,22.540602091015156,22.071783214073132,47.84936468771246,54.09712923914011,24.440380239335425,23.89510845132575,50.68128644313739,1,0,100.0,6.97614984548545,0.0697614984548545,0.2906869139999344,success,
4b97357bb09a7ae6,single,compute_only,burst,4,300,300,0,1.0,0.12,22.540602091015156,22.071783214073132,47.84936468771246,54.09712923914011,24.440380239335425,23.89510845132575,50.68128644313739,1,0,100.0,6.97614984548545,0.0697614984548545,0.2907177199999751,success,
b2b108b1d1def39b,single,compute_only,burst,5,300,300,0,1.0,0.12,22.540602091015156,22.071783214073132,47.84936468771246,54.09712923914011,24.440380239335425,23.89510845132575,50.68128644313739,1,0,100.0,6.97614984548545,0.0697614984548545,0.29228599600014604,success,
8986a8b335189022,single,compute_only,burst,6,300,300,0,1.0,0.12,22.540602091015156,22.071783214073132,47.84936468771246,54.09712923914011,24.440380239335425,23.89510845132575,50.68128644313739,1,0,100.0,6.97614984548545,0.0697614984548545,0.2992863330000546,success,
871a8b245813c815,single,compute_only,burst,7,300,300,0,1.0,0.12,22.540602091015156,22.071783214073132,47.84936468771246,54.09712923914011,24.440380239335425,23.89510845132575,50.68128644313739,1,0,100.0,6.97614984548545,0.0697614984548545,0.29579037600001357,success,
08d4e289a3f209e2,single,compute_only,burst,8,300,300,0,1.0,0.12,22.540602091015156,22.071783214073132,47.84936468771246,54.09712923914011,24.440380239335425,23.89510845132575,50.68128644313739,1,0,100.0,6.97614984548545,0.0697614984548545,0.29177863700010676,success,
65ccd358d3866621,single,compute_only,burst,9,300,300,0,1.0,0.12,22.540602091015156,22.071783214073132,47.84936468771246,54.09712923914011,24.440380239335425,23.89510845132575,50.68128644313739,1,0,100.0,6.97614984548545,0.0697614984548545,0.29144378199998755,success,
73c5d20f53d4eede,single,compute_only,burst,10,300,300,0,1.0,0.12,22.540602091015156,22.071783214073132,47.84936468771246,54.09712923914011,24.440380239335425,23.89510845132575,50.68128644313739,1,0,100.0,6.97614984548545,0.0697614984548545,0.29277452400015136,success,
492a06c6eac64eb1,single,compute_only,burst,11,300,300,0,1.0,0.12,22.540602091015156,22.071783214073132,47.84936468771246,54.09712923914011,24.440380239335425,23.89510845132575,50.68128644313739,1,0,100.0,6.97614984548545,0.0697614984548545,0.2937796060000437,success,
8d193648fa78c8b5,single,compute_only,burst,12,300,300,0,1.0,0.12,22.540602091015156,22.071783214073132,47.84936468771246,54.09712923914011,24.440380239335425,23.89510845132575,50.68128644313739,1,0,100.0,6.97614984548545,0.0697614984548545,0.29092749900019044,success,
10ef3eb2cb942fa4,single,compute_only,burst,13,300,300,0,1.0,0.12,22.540602091015156,22.071783214073132,47.84936468771246,54.09712923914011,24.440380239335425,23.89510845132575,50.68128644313739,1,0,100.0,6.97614984548545,0.0697614984548545,0.29639315300005364,success,
668b41fa69c7ef65,single,compute_only,burst,14,300,300,0,1.0,0.12,22.540602091015156,22.071783214073132,47.84936468771246,54.09712923914011,24.440380239335425,23.89510845132575,50.68128644313739,1,0,100.0,6.97614984548545,0.0697614984548545,0.29348307200007184,success,
b622f9653833a579,single,compute_only,burst,15,300,300,0,1.0,0.12,22.540602091015156,22.071783214073132,47.84936468771246,54.09712923914011,24.440380239335425,23.89510845132575,50.68128644313739,1,0,100.0,6.97614984548545,0.0697614984548545,0.2912902830000803,success,
a62488a891dc4d53,single,compute_only,burst,16,300,300,0,1.0,0.12,22.540602091015156,22.071783214073132,47.84936468771246,54.09712923914011,24.440380239335425,23.89510845132575,50.68128644313739,1,0,100.0,6.97614984548545,0.0697614984548545,0.2989276619998691,success,
9ca0f5a60885db39,single,compute_only,burst,17,300,300,0,1.0,0.12,22.540602091015156,22.071783214073132,47.84936468771246,54.09712923914011,24.440380239335425,23.89510845132575,50.68128644313739,1,0,100.0,6.97614984548545,0.0697614984548545,0.29727449900019565,success,
31b102d28d2a51ed,single,compute_only,burst,18,300,300,0,1.0,0.12,22.540602091015156,22.071783214073132,47.84936468771246,54.09712923914011,24.440380239335425,23.89510845132575,50.68128644313739,1,0,100.0,6.97614984548545,0.0697614984548545,0.32247564800013606,success,
10f34230e18d1d17,single,compute_only,burst,19,300,300,0,1.0,0.12,22.540602091015156,22.071783214073132,47.84936468771246,54.09712923914011,24.440380239335425,23.89510845132575,50.68128644313739,1,0,100.0,6.97614984548545,0.0697614984548545,0.2971756890001416,success,
120bc9155d840be5,single,network_only,burst,0,300,300,0,1.0,0.12666666666666668,115.6845311367452,121.33413852307399,266.1208356782289,286.06697715024393,117.34732302362242,122.05853273636629,266.8452149793662,1,0,100.0,113.37548235840057,1.1337548235840058,0.29459521799981303,success,
cc662f7a5a5bb997,single,network_only,burst,1,300,300,0,1.0,0.12666666666666668,115.6845311367452,121.33413852307399,266.1208356782289,286.06697715024393,117.34732302362242,122.05853273636629,266.8452149793662,1,0,100.0,113.37548235840057,1.1337548235840058,0.3397906679999778,success,
d5f99480ccbbda78,single,network_only,burst,2,300,300,0,1.0,0.12666666666666668,115.6845311367452,121.33413852307399,266.1208356782289,286.06697715024393,117.34732302362242,122.05853273636629,266.8452149793662,1,0,100.0,113.37548235840057,1.1337548235840058,0.29690769600006206,success,
ca8f3c9a7abfd91e,single,network_only,burst,3,300,300,0,1.0,0.12666666666666668,115.6845311367452,121.33413852307399,266.1208356782289,286.06697715024393,117.34732302362242,122.05853273636629,266.8452149793662,1,0,100.0,113.37548235840057,1.1337548235840058,0.3274522369999886,success,
34936597ad6f0eb0,single,network_only,burst,4,300,300,0,1.0,0.12666666666666668,115.6845311367452,121.33413852307399,266.1208356782289,286.06697715024393,117.34732302362242,122.05853273636629,266.8452149793662,1,0,100.0,113.37548235840057,1.1337548235840058,0.31007223999995404,success,
cc526424c0c694aa,single,network_only,burst,5,300,300,0,1.0,0.12666666666666668,115.6845311367452,121.33413852307399,266.1208356782289,286.06697715024393,117.34732302362242,122.05853273636629,266.8452149793662,1,0,100.0,113.37548235840057,1.1337548235840058,0.29952108300017244,success,
9dc0dc87f439dff3,single,network_only,burst,6,300,300,0,1.0,0.12666666666666668,115.6845311367452,121.33413852307399,266.1208356782289,286.06697715024393,117.34732302362242,122.05853273636629,266.8452149793662,1,0,100.0,113.37548235840057,1.1337548235840058,0.2932582910000292,success,
d90f9b46bd9dda89,single,network_only,burst,7,300,300,0,1.0,0.12666666666666668,115.6845311367452,121.33413852307399,266.1208356782289,286.06697715024393,117.34732302362242,122.05853273636629,266.8452149793662,1,0,100.0,113.37548235840057,1.1337548235840058,0.29366065099998195,success,
f67b65a169a2f94f,single,network_only,burst,8,300,300,0,1.0,0.12666666666666668,115.6845311367452,121.33413852307399,266.1208356782289,286.06697715024393,117.34732302362242,122.05853273636629,266.8452149793662,1,0,100.0,113.37548235840057,1.1337548235840058,0.2953941200000827,success,
456570ccea0b3492,single,network_only,burst,9,300,300,0,1.0,0.12666666666666668,115.6845311367452,121.33413852307399,266.1208356782289,286.06697715024393,117.34732302362242,122.05853273636629,266.8452149793662,1,0,100.0,113.37548235840057,1.1337548235840058,0.295126153999945,success,
628d13001f722f44,single,network_only,burst,10,300,300,0,1.0,0.12666666666666668,115.6845311367452,121.33413852307399,266.1208356782289,286.06697715024393,117.34732302362242,122.05853273636629,266.8452149793662,1,0,100.0,113.37548235840057,1.1337548235840058,0.295748169000035,success,
831dd6084faa4e5b,single,network_only,burst,11,300,300,0,1.0,0.12666666666666668,115.6845311367452,121.33413852307399,266.1208356782289,286.06697715024393,117.34732302362242,122.05853273636629,266.8452149793662,1,0,100.0,113.37548235840057,1.1337548235840058,0.2977321129999382,success,
06c4aa9713a2c768,single,network_only,burst,12,300,300,0,1.0,0.12666666666666668,115.6845311367452,121.33413852307399,266.1208356782289,286.06697715024393,117.34732302362242,122.05853273636629,266.8452149793662,1,0,100.0,113.37548235840057,1.1337548235840058,0.2925144870000622,success,
18c32db33fb1af68,single,network_only,burst,13,300,300,0,1.0,0.12666666666666668,115.6845311367452,121.33413852307399,266.1208356782289,286.06697715024393,117.34732302362242,122.05853273636629,266.8452149793662,1,0,100.0,113.37548235840057,1.1337548235840058,0.29389410999988286,success,
5496c6e4edc7f0dc,single,network_only,burst,14,300,300,0,1.0,0.12666666666666668,115.6845311367452,121.33413852307399,266.1208356782289,286.06697715024393,117.34732302362242,122.05853273636629,266.8452149793662,1,0,100.0,113.37548235840057,1.1337548235840058,0.2947995130000436,success,
ca00c43ee62b9818,single,network_only,burst,15,300,300,0,1.0,0.12666666666666668,115.6845311367452,121.33413852307399,266.1208356782289,286.06697715024393,117.34732302362242,122.05853273636629,266.8452149793662,1,0,100.0,113.37548235840057,1.1337548235840058,0.2961392680001609,success,
b0c06bd47bf74694,single,network_only,burst,16,300,300,0,1.0,0.12666666666666668,115.6845311367452,121.33413852307399,266.1208356782289,286.06697715024393,117.34732302362242,122.05853273636629,266.8452149793662,1,0,100.0,113.37548235840057,1.1337548235840058,0.29720140299991726,success,
073945bda76b580a,single,network_only,burst,17,300,300,0,1.0,0.12666666666666668,115.6845311367452,121.33413852307399,266.1208356782289,286.06697715024393,117.34732302362242,122.05853273636629,266.8452149793662,1,0,100.0,113.37548235840057,1.1337548235840058,0.2958812920001037,success,
13e59449f5a87bcf,single,network_only,burst,18,300,300,0,1.0,0.12666666666666668,115.6845311367452,121.33413852307399,266.1208356782289,286.06697715024393,117.34732302362242,122.05853273636629,266.8452149793662,1,0,100.0,113.37548235840057,1.1337548235840058,0.29580600799999957,success,
0edcacf58fb6abf5,single,network_only,burst,19,300,300,0,1.0,0.12666666666666668,115.6845311367452,121.33413852307399,266.1208356782289,286.06697715024393,117.34732302362242,122.05853273636629,266.8452149793662,1,0,100.0,113.37548235840057,1.1337548235840058,0.296219992000033,success,
711aa7a70409bfc6,single,compute_aware,burst,0,300,300,0,1.0,0.09,67.88532022119828,42.69585108266228,174.8808198229611,192.2336438169107,69.61180418980881,43.92044862436631,175.7718504933663,1,0,100.0,78.029908795709,0.78029908795709,0.2974630240000806,success,
22792d954fe00cd0,single,compute_aware,burst,1,300,300,0,1.0,0.09,67.88532022119828,42.69585108266228,174.8808198229611,192.2336438169107,69.61180418980881,43.92044862436631,175.7718504933663,1,0,100.0,78.029908795709,0.78029908795709,0.2953546589999405,success,
074a6fe781fff877,single,compute_aware,burst,2,300,300,0,1.0,0.09,67.88532022119828,42.69585108266228,174.8808198229611,192.2336438169107,69.61180418980881,43.92044862436631,175.7718504933663,1,0,100.0,78.029908795709,0.78029908795709,0.30121079800005646,success,
c6f9982627f5eb9f,single,compute_aware,burst,3,300,300,0,1.0,0.09,67.88532022119828,42.69585108266228,174.8808198229611,192.2336438169107,69.61180418980881,43.92044862436631,175.7718504933663,1,0,100.0,78.029908795709,0.78029908795709,0.3201759899998251,success,
f8a323387058e19c,single,compute_aware,burst,4,300,300,0,1.0,0.09,67.88532022119828,42.69585108266228,174.8808198229611,192.2336438169107,69.61180418980881,43.92044862436631,175.7718504933663,1,0,100.0,78.029908795709,0.78029908795709,0.2977002589998392,success,
2171c1ea984c9d94,single,compute_aware,burst,5,300,300,0,1.0,0.09,67.88532022119828,42.69585108266228,174.8808198229611,192.2336438169107,69.61180418980881,43.92044862436631,175.7718504933663,1,0,100.0,78.029908795709,0.78029908795709,0.2964186469998822,success,
287b23f915784702,single,compute_aware,burst,6,300,300,0,1.0,0.09,67.88532022119828,42.69585108266228,174.8808198229611,192.2336438169107,69.61180418980881,43.92044862436631,175.7718504933663,1,0,100.0,78.029908795709,0.78029908795709,0.2994678099998964,success,
e537207d5883cd26,single,compute_aware,burst,7,300,300,0,1.0,0.09,67.88532022119828,42.69585108266228,174.8808198229611,192.2336438169107,69.61180418980881,43.92044862436631,175.7718504933663,1,0,100.0,78.029908795709,0.78029908795709,0.29557093900007203,success,
a1f8e19069ae3383,single,compute_aware,burst,8,300,300,0,1.0,0.09,67.88532022119828,42.69585108266228,174.8808198229611,192.2336438169107,69.61180418980881,43.92044862436631,175.7718504933663,1,0,100.0,78.029908795709,0.78029908795709,0.2997777739999492,success,
3504d01869da933e,single,compute_aware,burst,9,300,300,0,1.0,0.09,67.88532022119828,42.69585108266228,174.8808198229611,192.2336438169107,69.61180418980881,43.92044862436631,175.7718504933663,1,0,100.0,78.029908795709,0.78029908795709,0.301236112999959,success,
b993573cdd18a261,single,compute_aware,burst,10,300,300,0,1.0,0.09,67.88532022119828,42.69585108266228,174.8808198229611,192.2336438169107,69.61180418980881,43.92044862436631,175.7718504933663,1,0,100.0,78.029908795709,0.78029908795709,0.3000571159998344,success,
a60b5a9ea4a4c944,single,compute_aware,burst,11,300,300,0,1.0,0.09,67.88532022119828,42.69585108266228,174.8808198229611,192.2336438169107,69.61180418980881,43.92044862436631,175.7718504933663,1,0,100.0,78.029908795709,0.78029908795709,0.29712291800001367,success,
c761dd03ebb55896,single,compute_aware,burst,12,300,300,0,1.0,0.09,67.88532022119828,42.69585108266228,174.8808198229611,192.2336438169107,69.61180418980881,43.92044862436631,175.7718504933663,1,0,100.0,78.029908795709,0.78029908795709,0.29915360800009694,success,
bf6b4e57708978d4,single,compute_aware,burst,13,300,300,0,1.0,0.09,67.88532022119828,42.69585108266228,174.8808198229611,192.2336438169107,69.61180418980881,43.92044862436631,175.7718504933663,1,0,100.0,78.029908795709,0.78029908795709,0.2973828140000023,success,
6132c12567250bb7,single,compute_aware,burst,14,300,300,0,1.0,0.09,67.88532022119828,42.69585108266228,174.8808198229611,192.2336438169107,69.61180418980881,43.92044862436631,175.7718504933663,1,0,100.0,78.029908795709,0.78029908795709,0.2986737470000662,success,
f5d7de235111101a,single,compute_aware,burst,15,300,300,0,1.0,0.09,67.88532022119828,42.69585108266228,174.8808198229611,192.2336438169107,69.61180418980881,43.92044862436631,175.7718504933663,1,0,100.0,78.029908795709,0.78029908795709,0.29935143499983496,success,
f525f843688a306a,single,compute_aware,burst,16,300,300,0,1.0,0.09,67.88532022119828,42.69585108266228,174.8808198229611,192.2336438169107,69.61180418980881,43.92044862436631,175.7718504933663,1,0,100.0,78.029908795709,0.78029908795709,0.2960371059998579,success,
81ec88f2c3e3d56a,single,compute_aware,burst,17,300,300,0,1.0,0.09,67.88532022119828,42.69585108266228,174.8808198229611,192.2336438169107,69.61180418980881,43.92044862436631,175.7718504933663,1,0,100.0,78.029908795709,0.78029908795709,0.3010855969998829,success,
dcd39170eac4e88a,single,compute_aware,burst,18,300,300,0,1.0,0.09,67.88532022119828,42.69585108266228,174.8808198229611,192.2336438169107,69.61180418980881,43.92044862436631,175.7718504933663,1,0,100.0,78.029908795709,0.78029908795709,0.3012001820000023,success,
445f6ebfb0ed1e9d,single,compute_aware,burst,19,300,300,0,1.0,0.09,67.88532022119828,42.69585108266228,174.8808198229611,192.2336438169107,69.61180418980881,43.92044862436631,175.7718504933663,1,0,100.0,78.029908795709,0.78029908795709,0.29748681600017335,success,
8b13793f287410b1,single,completion_time,burst,0,300,300,0,1.0,0.11333333333333333,22.4945278050021,22.948319745095446,44.3945354799648,48.525310483577485,24.370871462620165,24.754442257699672,46.12932981369982,1,0,100.0,12.569805089976535,0.12569805089976535,0.2971192529998916,success,
60177884d5173770,single,completion_time,burst,1,300,300,0,1.0,0.11333333333333333,22.4945278050021,22.948319745095446,44.3945354799648,48.525310483577485,24.370871462620165,24.754442257699672,46.12932981369982,1,0,100.0,12.569805089976535,0.12569805089976535,0.29846820000011576,success,
46c0021d123cc4d7,single,completion_time,burst,2,300,300,0,1.0,0.11333333333333333,22.4945278050021,22.948319745095446,44.3945354799648,48.525310483577485,24.370871462620165,24.754442257699672,46.12932981369982,1,0,100.0,12.569805089976535,0.12569805089976535,0.30446045600001526,success,
9c71a9b4409c264e,single,completion_time,burst,3,300,300,0,1.0,0.11333333333333333,22.4945278050021,22.948319745095446,44.3945354799648,48.525310483577485,24.370871462620165,24.754442257699672,46.12932981369982,1,0,100.0,12.569805089976535,0.12569805089976535,0.29123796299995774,success,
ee8bb6386f5f2dd1,single,completion_time,burst,4,300,300,0,1.0,0.11333333333333333,22.4945278050021,22.948319745095446,44.3945354799648,48.525310483577485,24.370871462620165,24.754442257699672,46.12932981369982,1,0,100.0,12.569805089976535,0.12569805089976535,0.2926056310000149,success,
93da79e41e6f9849,single,completion_time,burst,5,300,300,0,1.0,0.11333333333333333,22.4945278050021,22.948319745095446,44.3945354799648,48.525310483577485,24.370871462620165,24.754442257699672,46.12932981369982,1,0,100.0,12.569805089976535,0.12569805089976535,0.296089234999954,success,
95bcf0f1a22d3ad5,single,completion_time,burst,6,300,300,0,1.0,0.11333333333333333,22.4945278050021,22.948319745095446,44.3945354799648,48.525310483577485,24.370871462620165,24.754442257699672,46.12932981369982,1,0,100.0,12.569805089976535,0.12569805089976535,0.29351451499996983,success,
f4a10dda94e06c1a,single,completion_time,burst,7,300,300,0,1.0,0.11333333333333333,22.4945278050021,22.948319745095446,44.3945354799648,48.525310483577485,24.370871462620165,24.754442257699672,46.12932981369982,1,0,100.0,12.569805089976535,0.12569805089976535,0.3040005719999499,success,
9766351748f73ca1,single,completion_time,burst,8,300,300,0,1.0,0.11333333333333333,22.4945278050021,22.948319745095446,44.3945354799648,48.525310483577485,24.370871462620165,24.754442257699672,46.12932981369982,1,0,100.0,12.569805089976535,0.12569805089976535,0.2961559870000201,success,
e061e91a87e762ad,single,completion_time,burst,9,300,300,0,1.0,0.11333333333333333,22.4945278050021,22.948319745095446,44.3945354799648,48.525310483577485,24.370871462620165,24.754442257699672,46.12932981369982,1,0,100.0,12.569805089976535,0.12569805089976535,0.32762503700018897,success,
fc980f3c61101f9e,single,completion_time,burst,10,300,300,0,1.0,0.11333333333333333,22.4945278050021,22.948319745095446,44.3945354799648,48.525310483577485,24.370871462620165,24.754442257699672,46.12932981369982,1,0,100.0,12.569805089976535,0.12569805089976535,0.31110290100014026,success,
bf5505eb47407aba,single,completion_time,burst,11,300,300,0,1.0,0.11333333333333333,22.4945278050021,22.948319745095446,44.3945354799648,48.525310483577485,24.370871462620165,24.754442257699672,46.12932981369982,1,0,100.0,12.569805089976535,0.12569805089976535,0.2966090530001111,success,
fa83c7e72fda30c2,single,completion_time,burst,12,300,300,0,1.0,0.11333333333333333,22.4945278050021,22.948319745095446,44.3945354799648,48.525310483577485,24.370871462620165,24.754442257699672,46.12932981369982,1,0,100.0,12.569805089976535,0.12569805089976535,0.3134865039999113,success,
bd344a35b8519011,single,completion_time,burst,13,300,300,0,1.0,0.11333333333333333,22.4945278050021,22.948319745095446,44.3945354799648,48.525310483577485,24.370871462620165,24.754442257699672,46.12932981369982,1,0,100.0,12.569805089976535,0.12569805089976535,0.2984453009999015,success,
31c53620ea41ceef,single,completion_time,burst,14,300,300,0,1.0,0.11333333333333333,22.4945278050021,22.948319745095446,44.3945354799648,48.525310483577485,24.370871462620165,24.754442257699672,46.12932981369982,1,0,100.0,12.569805089976535,0.12569805089976535,0.29801695899982406,success,
6bc3f1a152854123,single,completion_time,burst,15,300,300,0,1.0,0.11333333333333333,22.4945278050021,22.948319745095446,44.3945354799648,48.525310483577485,24.370871462620165,24.754442257699672,46.12932981369982,1,0,100.0,12.569805089976535,0.12569805089976535,0.2955176750001556,success,
2abb98523b0e646b,single,completion_time,burst,16,300,300,0,1.0,0.11333333333333333,22.4945278050021,22.948319745095446,44.3945354799648,48.525310483577485,24.370871462620165,24.754442257699672,46.12932981369982,1,0,100.0,12.569805089976535,0.12569805089976535,0.30151326999998673,success,
6f29b84a3f479fa1,single,completion_time,burst,17,300,300,0,1.0,0.11333333333333333,22.4945278050021,22.948319745095446,44.3945354799648,48.525310483577485,24.370871462620165,24.754442257699672,46.12932981369982,1,0,100.0,12.569805089976535,0.12569805089976535,0.2942925849999938,success,
0f7f56f705d88e7d,single,completion_time,burst,18,300,300,0,1.0,0.11333333333333333,22.4945278050021,22.948319745095446,44.3945354799648,48.525310483577485,24.370871462620165,24.754442257699672,46.12932981369982,1,0,100.0,12.569805089976535,0.12569805089976535,0.3005172069999844,success,
b90931de910c7f83,single,completion_time,burst,19,300,300,0,1.0,0.11333333333333333,22.4945278050021,22.948319745095446,44.3945354799648,48.525310483577485,24.370871462620165,24.754442257699672,46.12932981369982,1,0,100.0,12.569805089976535,0.12569805089976535,0.30378612200001953,success,
fc2b8466c523af7b,multi,compute_only,burst,0,300,289,11,0.9633333333333334,0.08304498269896193,55.34107053756191,54.02202496670493,110.18877631184814,126.19991272041888,57.11921516790898,55.64343720402081,111.26072692402083,2,1,96.33333333333333,69.00402564746173,0.7163047645065231,0.285681921999867,success,
fb28b30fc63f61c0,multi,compute_only,burst,1,300,289,11,0.9633333333333334,0.08304498269896193,55.34107053756191,54.02202496670493,110.18877631184814,126.19991272041888,57.11921516790898,55.64343720402081,111.26072692402083,2,1,96.33333333333333,69.00402564746173,0.7163047645065231,0.29163422999999966,success,
5f2205c4394ca095,multi,compute_only,burst,2,300,289,11,0.9633333333333334,0.08304498269896193,55.34107053756191,54.02202496670493,110.18877631184814,126.19991272041888,57.11921516790898,55.64343720402081,111.26072692402083,2,1,96.33333333333333,69.00402564746173,0.7163047645065231,0.2971012589998736,success,
a595ec31a83860eb,multi,compute_only,burst,3,300,289,11,0.9633333333333334,0.08304498269896193,55.34107053756191,54.02202496670493,110.18877631184814,126.19991272041888,57.11921516790898,55.64343720402081,111.26072692402083,2,1,96.33333333333333,69.00402564746173,0.7163047645065231,0.2944809630000691,success,
d4efa2f78a9383c4,multi,compute_only,burst,4,300,289,11,0.9633333333333334,0.08304498269896193,55.34107053756191,54.02202496670493,110.18877631184814,126.19991272041888,57.11921516790898,55.64343720402081,111.26072692402083,2,1,96.33333333333333,69.00402564746173,0.7163047645065231,0.29194115300015255,success,
c07f17323384ccb6,multi,compute_only,burst,5,300,289,11,0.9633333333333334,0.08304498269896193,55.34107053756191,54.02202496670493,110.18877631184814,126.19991272041888,57.11921516790898,55.64343720402081,111.26072692402083,2,1,96.33333333333333,69.00402564746173,0.7163047645065231,0.2903431919999093,success,
05df8b820e7b50a7,multi,compute_only,burst,6,300,289,11,0.9633333333333334,0.08304498269896193,55.34107053756191,54.02202496670493,110.18877631184814,126.19991272041888,57.11921516790898,55.64343720402081,111.26072692402083,2,1,96.33333333333333,69.00402564746173,0.7163047645065231,0.30294018299991876,success,
74383f3bf6a62c8f,multi,compute_only,burst,7,300,289,11,0.9633333333333334,0.08304498269896193,55.34107053756191,54.02202496670493,110.18877631184814,126.19991272041888,57.11921516790898,55.64343720402081,111.26072692402083,2,1,96.33333333333333,69.00402564746173,0.7163047645065231,0.2912206270000297,success,
ba1d730b284fe746,multi,compute_only,burst,8,300,289,11,0.9633333333333334,0.08304498269896193,55.34107053756191,54.02202496670493,110.18877631184814,126.19991272041888,57.11921516790898,55.64343720402081,111.26072692402083,2,1,96.33333333333333,69.00402564746173,0.7163047645065231,0.2906492330000674,success,
790a938c02f25b89,multi,compute_only,burst,9,300,289,11,0.9633333333333334,0.08304498269896193,55.34107053756191,54.02202496670493,110.18877631184814,126.19991272041888,57.11921516790898,55.64343720402081,111.26072692402083,2,1,96.33333333333333,69.00402564746173,0.7163047645065231,0.5359611569999743,success,
3aa5327cbee8dca9,multi,compute_only,burst,10,300,289,11,0.9633333333333334,0.08304498269896193,55.34107053756191,54.02202496670493,110.18877631184814,126.19991272041888,57.11921516790898,55.64343720402081,111.26072692402083,2,1,96.33333333333333,69.00402564746173,0.7163047645065231,0.44931770799985316,success,
af26dc1b6dd7fce6,multi,compute_only,burst,11,300,289,11,0.9633333333333334,0.08304498269896193,55.34107053756191,54.02202496670493,110.18877631184814,126.19991272041888,57.11921516790898,55.64343720402081,111.26072692402083,2,1,96.33333333333333,69.00402564746173,0.7163047645065231,0.44826935600008255,success,
1c67618a81ed4194,multi,compute_only,burst,12,300,289,11,0.9633333333333334,0.08304498269896193,55.34107053756191,54.02202496670493,110.18877631184814,126.19991272041888,57.11921516790898,55.64343720402081,111.26072692402083,2,1,96.33333333333333,69.00402564746173,0.7163047645065231,0.30968810300009864,success,
cffb7634046f54e1,multi,compute_only,burst,13,300,289,11,0.9633333333333334,0.08304498269896193,55.34107053756191,54.02202496670493,110.18877631184814,126.19991272041888,57.11921516790898,55.64343720402081,111.26072692402083,2,1,96.33333333333333,69.00402564746173,0.7163047645065231,0.3666319650001242,success,
dbc6f774d36e8bf9,multi,compute_only,burst,14,300,289,11,0.9633333333333334,0.08304498269896193,55.34107053756191,54.02202496670493,110.18877631184814,126.19991272041888,57.11921516790898,55.64343720402081,111.26072692402083,2,1,96.33333333333333,69.00402564746173,0.7163047645065231,0.30321592300015254,success,
02ac06ced4a2a91a,multi,compute_only,burst,15,300,289,11,0.9633333333333334,0.08304498269896193,55.34107053756191,54.02202496670493,110.18877631184814,126.19991272041888,57.11921516790898,55.64343720402081,111.26072692402083,2,1,96.33333333333333,69.00402564746173,0.7163047645065231,0.31246775699992213,success,
87d0f8d9bc46a7f7,multi,compute_only,burst,16,300,289,11,0.9633333333333334,0.08304498269896193,55.34107053756191,54.02202496670493,110.18877631184814,126.19991272041888,57.11921516790898,55.64343720402081,111.26072692402083,2,1,96.33333333333333,69.00402564746173,0.7163047645065231,0.3026321560000724,success,
0ae12e32a495093b,multi,compute_only,burst,17,300,289,11,0.9633333333333334,0.08304498269896193,55.34107053756191,54.02202496670493,110.18877631184814,126.19991272041888,57.11921516790898,55.64343720402081,111.26072692402083,2,1,96.33333333333333,69.00402564746173,0.7163047645065231,0.29668526399996153,success,
56e8ed264004fe41,multi,compute_only,burst,18,300,289,11,0.9633333333333334,0.08304498269896193,55.34107053756191,54.02202496670493,110.18877631184814,126.19991272041888,57.11921516790898,55.64343720402081,111.26072692402083,2,1,96.33333333333333,69.00402564746173,0.7163047645065231,0.300455207999903,success,
c08d6999c2918f9a,multi,compute_only,burst,19,300,289,11,0.9633333333333334,0.08304498269896193,55.34107053756191,54.02202496670493,110.18877631184814,126.19991272041888,57.11921516790898,55.64343720402081,111.26072692402083,2,1,96.33333333333333,69.00402564746173,0.7163047645065231,0.38583259100005307,success,
0112e130a6a6971d,multi,network_only,burst,0,300,289,11,0.9633333333333334,0.11418685121107267,120.01432009380976,129.1575199164925,266.5497268153152,286.06697715024393,121.66372454417368,129.92356388903298,267.7741090596995,2,1,96.33333333333333,116.33381088727195,1.2076174140547262,0.3113253839999288,success,
ba29c959064ac470,multi,network_only,burst,1,300,289,11,0.9633333333333334,0.11418685121107267,120.01432009380976,129.1575199164925,266.5497268153152,286.06697715024393,121.66372454417368,129.92356388903298,267.7741090596995,2,1,96.33333333333333,116.33381088727195,1.2076174140547262,0.2981309080000756,success,
f564259736edac21,multi,network_only,burst,2,300,289,11,0.9633333333333334,0.11418685121107267,120.01432009380976,129.1575199164925,266.5497268153152,286.06697715024393,121.66372454417368,129.92356388903298,267.7741090596995,2,1,96.33333333333333,116.33381088727195,1.2076174140547262,0.31229634800001804,success,
a2a9b8902f9a1435,multi,network_only,burst,3,300,289,11,0.9633333333333334,0.11418685121107267,120.01432009380976,129.1575199164925,266.5497268153152,286.06697715024393,121.66372454417368,129.92356388903298,267.7741090596995,2,1,96.33333333333333,116.33381088727195,1.2076174140547262,0.30188069799987716,success,
e28b9fb7eace8ad6,multi,network_only,burst,4,300,289,11,0.9633333333333334,0.11418685121107267,120.01432009380976,129.1575199164925,266.5497268153152,286.06697715024393,121.66372454417368,129.92356388903298,267.7741090596995,2,1,96.33333333333333,116.33381088727195,1.2076174140547262,0.3118824470000163,success,
32d599d55f5378df,multi,network_only,burst,5,300,289,11,0.9633333333333334,0.11418685121107267,120.01432009380976,129.1575199164925,266.5497268153152,286.06697715024393,121.66372454417368,129.92356388903298,267.7741090596995,2,1,96.33333333333333,116.33381088727195,1.2076174140547262,0.3017548159998569,success,
5de74c5b7762e23f,multi,network_only,burst,6,300,289,11,0.9633333333333334,0.11418685121107267,120.01432009380976,129.1575199164925,266.5497268153152,286.06697715024393,121.66372454417368,129.92356388903298,267.7741090596995,2,1,96.33333333333333,116.33381088727195,1.2076174140547262,0.30446265899990976,success,
f516ad09ff436eee,multi,network_only,burst,7,300,289,11,0.9633333333333334,0.11418685121107267,120.01432009380976,129.1575199164925,266.5497268153152,286.06697715024393,121.66372454417368,129.92356388903298,267.7741090596995,2,1,96.33333333333333,116.33381088727195,1.2076174140547262,0.3388734940001541,success,
5fb06f17bfb0363d,multi,network_only,burst,8,300,289,11,0.9633333333333334,0.11418685121107267,120.01432009380976,129.1575199164925,266.5497268153152,286.06697715024393,121.66372454417368,129.92356388903298,267.7741090596995,2,1,96.33333333333333,116.33381088727195,1.2076174140547262,0.3028003249999074,success,
42ed96393093edba,multi,network_only,burst,9,300,289,11,0.9633333333333334,0.11418685121107267,120.01432009380976,129.1575199164925,266.5497268153152,286.06697715024393,121.66372454417368,129.92356388903298,267.7741090596995,2,1,96.33333333333333,116.33381088727195,1.2076174140547262,0.30247673000008035,success,
5c9a60240afa74b0,multi,network_only,burst,10,300,289,11,0.9633333333333334,0.11418685121107267,120.01432009380976,129.1575199164925,266.5497268153152,286.06697715024393,121.66372454417368,129.92356388903298,267.7741090596995,2,1,96.33333333333333,116.33381088727195,1.2076174140547262,0.3152456020000045,success,
1f299a1bfa33022b,multi,network_only,burst,11,300,289,11,0.9633333333333334,0.11418685121107267,120.01432009380976,129.1575199164925,266.5497268153152,286.06697715024393,121.66372454417368,129.92356388903298,267.7741090596995,2,1,96.33333333333333,116.33381088727195,1.2076174140547262,0.30342733199995564,success,
48e3db36d1381885,multi,network_only,burst,12,300,289,11,0.9633333333333334,0.11418685121107267,120.01432009380976,129.1575199164925,266.5497268153152,286.06697715024393,121.66372454417368,129.92356388903298,267.7741090596995,2,1,96.33333333333333,116.33381088727195,1.2076174140547262,0.42678992700007257,success,
d32e00395944d1ee,multi,network_only,burst,13,300,289,11,0.9633333333333334,0.11418685121107267,120.01432009380976,129.1575199164925,266.5497268153152,286.06697715024393,121.66372454417368,129.92356388903298,267.7741090596995,2,1,96.33333333333333,116.33381088727195,1.2076174140547262,0.30656108099992707,success,
48ddd121c4bc9329,multi,network_only,burst,14,300,289,11,0.9633333333333334,0.11418685121107267,120.01432009380976,129.1575199164925,266.5497268153152,286.06697715024393,121.66372454417368,129.92356388903298,267.7741090596995,2,1,96.33333333333333,116.33381088727195,1.2076174140547262,0.31057284899998194,success,
10ec5f2a6df5edd5,multi,network_only,burst,15,300,289,11,0.9633333333333334,0.11418685121107267,120.01432009380976,129.1575199164925,266.5497268153152,286.06697715024393,121.66372454417368,129.92356388903298,267.7741090596995,2,1,96.33333333333333,116.33381088727195,1.2076174140547262,0.30533851099994536,success,
ff2adab4da74ec21,multi,network_only,burst,16,300,289,11,0.9633333333333334,0.11418685121107267,120.01432009380976,129.1575199164925,266.5497268153152,286.06697715024393,121.66372454417368,129.92356388903298,267.7741090596995,2,1,96.33333333333333,116.33381088727195,1.2076174140547262,0.3045409630001359,success,
c09368c681ee25b4,multi,network_only,burst,17,300,289,11,0.9633333333333334,0.11418685121107267,120.01432009380976,129.1575199164925,266.5497268153152,286.06697715024393,121.66372454417368,129.92356388903298,267.7741090596995,2,1,96.33333333333333,116.33381088727195,1.2076174140547262,0.29865825699994275,success,
1d02d83c57736d92,multi,network_only,burst,18,300,289,11,0.9633333333333334,0.11418685121107267,120.01432009380976,129.1575199164925,266.5497268153152,286.06697715024393,121.66372454417368,129.92356388903298,267.7741090596995,2,1,96.33333333333333,116.33381088727195,1.2076174140547262,0.303801705000069,success,
9a9d34df62d1dc11,multi,network_only,burst,19,300,289,11,0.9633333333333334,0.11418685121107267,120.01432009380976,129.1575199164925,266.5497268153152,286.06697715024393,121.66372454417368,129.92356388903298,267.7741090596995,2,1,96.33333333333333,116.33381088727195,1.2076174140547262,0.29582868200009216,success,
1b9b1dda06e2a4eb,multi,compute_aware,burst,0,300,289,11,0.9633333333333334,0.11418685121107267,120.01432009380976,129.1575199164925,266.5497268153152,286.06697715024393,121.66372454417368,129.92356388903298,267.7741090596995,2,1,96.33333333333333,116.33381088727195,1.2076174140547262,0.30222285900003953,success,
81b6a8479fc2d332,multi,compute_aware,burst,1,300,289,11,0.9633333333333334,0.11418685121107267,120.01432009380976,129.1575199164925,266.5497268153152,286.06697715024393,121.66372454417368,129.92356388903298,267.7741090596995,2,1,96.33333333333333,116.33381088727195,1.2076174140547262,0.3124974249999468,success,
196aef8de8cc9cb3,multi,compute_aware,burst,2,300,289,11,0.9633333333333334,0.11418685121107267,120.01432009380976,129.1575199164925,266.5497268153152,286.06697715024393,121.66372454417368,129.92356388903298,267.7741090596995,2,1,96.33333333333333,116.33381088727195,1.2076174140547262,0.30287301700013813,success,
1c7fd1391778456b,multi,compute_aware,burst,3,300,289,11,0.9633333333333334,0.11418685121107267,120.01432009380976,129.1575199164925,266.5497268153152,286.06697715024393,121.66372454417368,129.92356388903298,267.7741090596995,2,1,96.33333333333333,116.33381088727195,1.2076174140547262,0.29771196599995164,success,
4cbc20b0b5b940f9,multi,compute_aware,burst,4,300,289,11,0.9633333333333334,0.11418685121107267,120.01432009380976,129.1575199164925,266.5497268153152,286.06697715024393,121.66372454417368,129.92356388903298,267.7741090596995,2,1,96.33333333333333,116.33381088727195,1.2076174140547262,0.31094260899999426,success,
d000bd36bbe33d80,multi,compute_aware,burst,5,300,289,11,0.9633333333333334,0.11418685121107267,120.01432009380976,129.1575199164925,266.5497268153152,286.06697715024393,121.66372454417368,129.92356388903298,267.7741090596995,2,1,96.33333333333333,116.33381088727195,1.2076174140547262,0.30235437999999704,success,
3c9ef77ff7676a2b,multi,compute_aware,burst,6,300,289,11,0.9633333333333334,0.11418685121107267,120.01432009380976,129.1575199164925,266.5497268153152,286.06697715024393,121.66372454417368,129.92356388903298,267.7741090596995,2,1,96.33333333333333,116.33381088727195,1.2076174140547262,0.42477289900011783,success,
c25bce26e7fe242c,multi,compute_aware,burst,7,300,289,11,0.9633333333333334,0.11418685121107267,120.01432009380976,129.1575199164925,266.5497268153152,286.06697715024393,121.66372454417368,129.92356388903298,267.7741090596995,2,1,96.33333333333333,116.33381088727195,1.2076174140547262,0.2972010450000653,success,
b3e21733542566f2,multi,compute_aware,burst,8,300,289,11,0.9633333333333334,0.11418685121107267,120.01432009380976,129.1575199164925,266.5497268153152,286.06697715024393,121.66372454417368,129.92356388903298,267.7741090596995,2,1,96.33333333333333,116.33381088727195,1.2076174140547262,0.38195405199985544,success,
8d168d5fb0107fb9,multi,compute_aware,burst,9,300,289,11,0.9633333333333334,0.11418685121107267,120.01432009380976,129.1575199164925,266.5497268153152,286.06697715024393,121.66372454417368,129.92356388903298,267.7741090596995,2,1,96.33333333333333,116.33381088727195,1.2076174140547262,0.2916316310002003,success,
3c217bac165de902,multi,compute_aware,burst,10,300,289,11,0.9633333333333334,0.11418685121107267,120.01432009380976,129.1575199164925,266.5497268153152,286.06697715024393,121.66372454417368,129.92356388903298,267.7741090596995,2,1,96.33333333333333,116.33381088727195,1.2076174140547262,0.29232729599993945,success,
340d81d9e8df00f1,multi,compute_aware,burst,11,300,289,11,0.9633333333333334,0.11418685121107267,120.01432009380976,129.1575199164925,266.5497268153152,286.06697715024393,121.66372454417368,129.92356388903298,267.7741090596995,2,1,96.33333333333333,116.33381088727195,1.2076174140547262,0.295376258000033,success,
36185b8f49e8d069,multi,compute_aware,burst,12,300,289,11,0.9633333333333334,0.11418685121107267,120.01432009380976,129.1575199164925,266.5497268153152,286.06697715024393,121.66372454417368,129.92356388903298,267.7741090596995,2,1,96.33333333333333,116.33381088727195,1.2076174140547262,0.31153010000002723,success,
dc9bb70391e24915,multi,compute_aware,burst,13,300,289,11,0.9633333333333334,0.11418685121107267,120.01432009380976,129.1575199164925,266.5497268153152,286.06697715024393,121.66372454417368,129.92356388903298,267.7741090596995,2,1,96.33333333333333,116.33381088727195,1.2076174140547262,0.2928660480001781,success,
3feb15389225d89d,multi,compute_aware,burst,14,300,289,11,0.9633333333333334,0.11418685121107267,120.01432009380976,129.1575199164925,266.5497268153152,286.06697715024393,121.66372454417368,129.92356388903298,267.7741090596995,2,1,96.33333333333333,116.33381088727195,1.2076174140547262,0.29497342399986337,success,
d1c0b35b4709ea85,multi,compute_aware,burst,15,300,289,11,0.9633333333333334,0.11418685121107267,120.01432009380976,129.1575199164925,266.5497268153152,286.06697715024393,121.66372454417368,129.92356388903298,267.7741090596995,2,1,96.33333333333333,116.33381088727195,1.2076174140547262,0.29746101399996405,success,
7a34ce081665e1b3,multi,compute_aware,burst,16,300,289,11,0.9633333333333334,0.11418685121107267,120.01432009380976,129.1575199164925,266.5497268153152,286.06697715024393,121.66372454417368,129.92356388903298,267.7741090596995,2,1,96.33333333333333,116.33381088727195,1.2076174140547262,0.29630791199997475,success,
298bdda20cf379fd,multi,compute_aware,burst,17,300,289,11,0.9633333333333334,0.11418685121107267,120.01432009380976,129.1575199164925,266.5497268153152,286.06697715024393,121.66372454417368,129.92356388903298,267.7741090596995,2,1,96.33333333333333,116.33381088727195,1.2076174140547262,0.29392982000013035,success,
ea94cb368d5c0998,multi,compute_aware,burst,18,300,289,11,0.9633333333333334,0.11418685121107267,120.01432009380976,129.1575199164925,266.5497268153152,286.06697715024393,121.66372454417368,129.92356388903298,267.7741090596995,2,1,96.33333333333333,116.33381088727195,1.2076174140547262,0.29279360300006374,success,
b3b078e19367adc8,multi,compute_aware,burst,19,300,289,11,0.9633333333333334,0.11418685121107267,120.01432009380976,129.1575199164925,266.5497268153152,286.06697715024393,121.66372454417368,129.92356388903298,267.7741090596995,2,1,96.33333333333333,116.33381088727195,1.2076174140547262,0.2964787729999898,success,
512eee9f87b25b4a,multi,completion_time,burst,0,300,289,11,0.9633333333333334,0.08650519031141868,55.291746056080534,55.54972625601339,104.08980040708522,109.33364490246683,57.050549338072116,57.31577572636629,105.94254820536645,2,1,96.33333333333333,70.76879412722971,0.7346241604902739,0.3002242990000923,success,
4018c5d1ce36ce21,multi,completion_time,burst,1,300,289,11,0.9633333333333334,0.08650519031141868,55.291746056080534,55.54972625601339,104.08980040708522,109.33364490246683,57.050549338072116,57.31577572636629,105.94254820536645,2,1,96.33333333333333,70.76879412722971,0.7346241604902739,0.29151763100003336,success,
afaf6dfc0047632e,multi,completion_time,burst,2,300,289,11,0.9633333333333334,0.08650519031141868,55.291746056080534,55.54972625601339,104.08980040708522,109.33364490246683,57.050549338072116,57.31577572636629,105.94254820536645,2,1,96.33333333333333,70.76879412722971,0.7346241604902739,0.2913995670000986,success,
b0b7172422d09596,multi,completion_time,burst,3,300,289,11,0.9633333333333334,0.08650519031141868,55.291746056080534,55.54972625601339,104.08980040708522,109.33364490246683,57.050549338072116,57.31577572636629,105.94254820536645,2,1,96.33333333333333,70.76879412722971,0.7346241604902739,0.2941229600000952,success,
c6fe2c7226fffd64,multi,completion_time,burst,4,300,289,11,0.9633333333333334,0.08650519031141868,55.291746056080534,55.54972625601339,104.08980040708522,109.33364490246683,57.050549338072116,57.31577572636629,105.94254820536645,2,1,96.33333333333333,70.76879412722971,0.7346241604902739,0.29277316599996084,success,
eebb1b476723c890,multi,completion_time,burst,5,300,289,11,0.9633333333333334,0.08650519031141868,55.291746056080534,55.54972625601339,104.08980040708522,109.33364490246683,57.050549338072116,57.31577572636629,105.94254820536645,2,1,96.33333333333333,70.76879412722971,0.7346241604902739,0.29067815100006555,success,
8d3d9ee2e7735c1c,multi,completion_time,burst,6,300,289,11,0.9633333333333334,0.08650519031141868,55.291746056080534,55.54972625601339,104.08980040708522,109.33364490246683,57.050549338072116,57.31577572636629,105.94254820536645,2,1,96.33333333333333,70.76879412722971,0.7346241604902739,0.29247981799994704,success,
67c5ac9047ac8e00,multi,completion_time,burst,7,300,289,11,0.9633333333333334,0.08650519031141868,55.291746056080534,55.54972625601339,104.08980040708522,109.33364490246683,57.050549338072116,57.31577572636629,105.94254820536645,2,1,96.33333333333333,70.76879412722971,0.7346241604902739,0.2913469789998544,success,
4277132061c09ebb,multi,completion_time,burst,8,300,289,11,0.9633333333333334,0.08650519031141868,55.291746056080534,55.54972625601339,104.08980040708522,109.33364490246683,57.050549338072116,57.31577572636629,105.94254820536645,2,1,96.33333333333333,70.76879412722971,0.7346241604902739,0.2948592909999661,success,
ecc4178997daf585,multi,completion_time,burst,9,300,289,11,0.9633333333333334,0.08650519031141868,55.291746056080534,55.54972625601339,104.08980040708522,109.33364490246683,57.050549338072116,57.31577572636629,105.94254820536645,2,1,96.33333333333333,70.76879412722971,0.7346241604902739,0.29544999800009464,success,
b631806c5439c2ad,multi,completion_time,burst,10,300,289,11,0.9633333333333334,0.08650519031141868,55.291746056080534,55.54972625601339,104.08980040708522,109.33364490246683,57.050549338072116,57.31577572636629,105.94254820536645,2,1,96.33333333333333,70.76879412722971,0.7346241604902739,0.2911198450001393,success,
7fd8ba94bef38864,multi,completion_time,burst,11,300,289,11,0.9633333333333334,0.08650519031141868,55.291746056080534,55.54972625601339,104.08980040708522,109.33364490246683,57.050549338072116,57.31577572636629,105.94254820536645,2,1,96.33333333333333,70.76879412722971,0.7346241604902739,0.29144442400001935,success,
64b729b6f3ee088f,multi,completion_time,burst,12,300,289,11,0.9633333333333334,0.08650519031141868,55.291746056080534,55.54972625601339,104.08980040708522,109.33364490246683,57.050549338072116,57.31577572636629,105.94254820536645,2,1,96.33333333333333,70.76879412722971,0.7346241604902739,0.2956524979999813,success,
b21b17ade53306f3,multi,completion_time,burst,13,300,289,11,0.9633333333333334,0.08650519031141868,55.291746056080534,55.54972625601339,104.08980040708522,109.33364490246683,57.050549338072116,57.31577572636629,105.94254820536645,2,1,96.33333333333333,70.76879412722971,0.7346241604902739,0.2945976809999138,success,
4e4ddfa7c21abf0c,multi,completion_time,burst,14,300,289,11,0.9633333333333334,0.08650519031141868,55.291746056080534,55.54972625601339,104.08980040708522,109.33364490246683,57.050549338072116,57.31577572636629,105.94254820536645,2,1,96.33333333333333,70.76879412722971,0.7346241604902739,0.2904259900001307,success,
e1523c021889439b,multi,completion_time,burst,15,300,289,11,0.9633333333333334,0.08650519031141868,55.291746056080534,55.54972625601339,104.08980040708522,109.33364490246683,57.050549338072116,57.31577572636629,105.94254820536645,2,1,96.33333333333333,70.76879412722971,0.7346241604902739,0.30254715600017335,success,
ed16b4e3f91508a0,multi,completion_time,burst,16,300,289,11,0.9633333333333334,0.08650519031141868,55.291746056080534,55.54972625601339,104.08980040708522,109.33364490246683,57.050549338072116,57.31577572636629,105.94254820536645,2,1,96.33333333333333,70.76879412722971,0.7346241604902739,0.2959333390001575,success,
c280a48b49089c30,multi,completion_time,burst,17,300,289,11,0.9633333333333334,0.08650519031141868,55.291746056080534,55.54972625601339,104.08980040708522,109.33364490246683,57.050549338072116,57.31577572636629,105.94254820536645,2,1,96.33333333333333,70.76879412722971,0.7346241604902739,0.2928148000000874,success,
c50a40b55fcad2f4,multi,completion_time,burst,18,300,289,11,0.9633333333333334,0.08650519031141868,55.291746056080534,55.54972625601339,104.08980040708522,109.33364490246683,57.050549338072116,57.31577572636629,105.94254820536645,2,1,96.33333333333333,70.76879412722971,0.7346241604902739,0.29115786500005925,success,
589dbfd33c81db1e,multi,completion_time,burst,19,300,289,11,0.9633333333333334,0.08650519031141868,55.291746056080534,55.54972625601339,104.08980040708522,109.33364490246683,57.050549338072116,57.31577572636629,105.94254820536645,2,1,96.33333333333333,70.76879412722971,0.7346241604902739,0.2940804410000055,success,
